,students,M1,T1,W1,TH1,F1,M2,T2,W2,TH2,F2,M3,T3,W3,TH3,F3,M4,T4,W4,TH4,F4
0,1,4,5,5,6,7,1,2,3,4,5,3,4,5,6,7,4,5,6,7,7
1,2,1,2,3,4,5,5,5,6,6,7,3,4,5,6,7,6,6,7,7,7
2,3,3,4,5,6,7,2,3,4,5,6,5,6,6,7,7,2,3,4,5,6
3,4,1,2,3,4,5,1,2,3,4,5,1,2,3,4,5,4,5,6,7,7
4,5,2,3,4,5,6,5,5,6,6,7,5,6,6,7,7,4,5,6,7,7
5,6,5,5,5,6,7,3,4,5,6,7,1,2,3,4,5,1,2,3,4,5
6,7,5,5,5,6,7,5,5,6,6,7,2,3,4,5,6,1,2,3,4,5
7,8,3,4,5,6,7,5,5,6,6,7,4,5,6,7,7,3,4,5,6,7
8,9,5,5,5,6,7,3,4,5,6,7,5,6,6,7,7,5,6,7,7,7
9,10,5,5,5,6,7,5,5,6,6,7,5,6,6,7,7,1,2,3,4,5
10,11,1,2,3,4,5,1,2,3,4,5,5,6,6,7,7,2,3,4,5,6
11,12,1,2,3,4,5,3,4,5,6,7,5,6,6,7,7,2,3,4,5,6
12,13,1,2,3,4,5,3,4,5,6,7,2,3,4,5,6,2,3,4,5,6
13,14,4,5,5,6,7,5,5,6,6,7,2,3,4,5,6,1,2,3,4,5
14,15,5,5,5,6,7,3,4,5,6,7,5,6,6,7,7,3,4,5,6,7
15,16,4,5,5,6,7,1,2,3,4,5,3,4,5,6,7,3,4,5,6,7
16,17,2,3,4,5,6,4,5,6,6,7,4,5,6,7,7,4,5,6,7,6
17,18,1,2,3,4,5,5,5,6,6,7,2,3,4,5,6,4,5,6,7,7
18,19,4,5,5,6,7,2,3,4,5,6,3,4,5,6,7,5,6,7,7,7
19,20,1,2,3,4,5,4,5,6,6,7,3,4,5,6,7,1,2,3,4,5
20,21,5,5,5,6,7,4,5,6,6,7,3,4,5,6,7,6,6,7,7,7
21,22,2,3,4,5,6,5,5,6,6,7,3,4,5,6,7,3,4,5,6,7
22,23,1,2,3,4,5,1,2,3,4,5,5,6,6,7,7,5,6,7,7,7
23,24,1,2,3,4,5,4,5,6,6,7,2,3,4,5,6,1,2,3,4,5
24,25,2,3,4,5,6,2,3,4,5,6,4,5,6,7,7,4,5,6,7,7
25,26,3,4,5,6,7,2,3,4,5,6,5,6,6,7,7,5,6,7,7,7
26,27,2,3,4,5,6,2,3,4,5,6,4,5,6,7,7,4,5,6,7,7
27,28,5,5,5,6,7,2,3,4,5,6,1,2,3,4,5,1,2,3,4,5
28,29,5,5,5,6,7,4,5,6,6,7,5,6,6,7,7,4,5,6,7,7
29,30,4,5,5,6,7,1,2,3,4,5,2,3,4,5,6,1,2,3,4,5
30,31,1,2,3,4,5,1,2,3,4,5,4,5,6,7,7,1,2,3,4,5
31,32,2,3,4,5,6,2,3,4,5,6,5,6,6,7,7,4,5,6,7,7
32,33,4,5,5,6,7,1,2,3,4,5,3,4,5,6,7,4,5,6,7,7
33,34,4,5,5,6,7,2,3,4,5,6,4,5,6,7,7,6,6,7,7,7
34,35,5,5,5,6,7,2,3,4,5,6,1,2,3,4,5,3,4,5,6,7
35,36,4,5,5,6,7,3,4,5,6,7,3,4,5,6,7,4,5,6,7,7
36,37,2,3,4,5,6,4,5,6,6,7,5,6,6,7,7,3,4,5,6,7
37,38,4,5,5,6,7,4,5,6,6,7,3,4,5,6,7,3,4,5,6,7
38,39,5,5,5,6,7,5,5,6,6,7,4,5,6,7,7,2,3,4,5,6
39,40,4,5,5,6,7,4,5,6,6,7,3,4,5,6,7,3,4,5,6,7
40,41,5,5,5,6,7,1,2,3,4,5,2,3,4,5,6,4,5,6,7,7
41,42,1,2,3,4,5,4,5,6,6,7,1,2,3,4,5,4,5,6,7,7
42,43,1,2,3,4,5,2,3,4,5,6,2,3,4,5,6,1,2,3,4,5
43,44,1,2,3,4,5,3,4,5,6,7,4,5,6,7,7,2,3,4,5,6
44,45,3,4,5,6,7,1,2,3,4,5,2,3,4,5,6,2,3,4,5,6
45,46,5,5,5,6,7,3,4,5,6,7,5,6,6,7,7,6,6,7,7,7
46,47,1,2,3,4,5,4,5,6,6,7,1,2,3,4,5,6,6,7,7,7
47,48,1,2,3,4,5,5,5,6,6,7,1,2,3,4,5,3,4,5,6,7
48,49,4,5,5,6,7,5,5,6,6,7,3,4,5,6,7,3,4,5,6,7
49,50,5,5,5,6,7,5,5,6,6,7,3,4,5,6,7,2,3,4,5,6
50,51,5,5,5,6,7,1,2,3,4,5,3,4,5,6,7,2,3,4,5,6
51,52,1,2,3,4,5,2,3,4,5,6,4,5,6,7,7,4,5,6,7,6
52,53,4,5,5,6,7,4,5,6,6,7,5,6,6,7,7,1,2,3,4,5
53,54,1,2,3,4,5,2,3,4,5,6,3,4,5,6,7,5,6,7,7,7
54,55,5,5,5,6,7,3,4,5,6,7,2,3,4,5,6,4,5,6,7,7
55,56,5,5,5,6,7,4,5,6,6,7,5,6,6,7,7,4,5,6,7,7
56,57,4,5,5,6,7,1,2,3,4,5,4,5,6,7,7,2,3,4,5,6
57,58,1,2,3,4,5,1,2,3,4,5,4,5,6,7,7,6,6,7,7,7
58,59,1,2,3,4,5,3,4,5,6,7,2,3,4,5,6,5,6,7,7,7
59,60,3,4,5,6,7,4,5,6,6,7,1,2,3,4,5,6,6,7,7,7
60,61,3,4,5,6,7,1,2,3,4,5,4,5,6,7,7,5,6,6,7,7
61,62,3,4,5,6,7,5,5,6,6,7,1,2,3,4,5,3,4,5,6,7
62,63,3,4,5,6,7,2,3,4,5,6,3,4,5,6,7,3,4,5,6,7
63,64,4,5,5,6,7,5,5,6,6,7,5,6,6,7,7,6,6,7,7,7
64,65,4,5,5,6,7,4,5,6,6,7,5,6,6,7,7,6,6,7,7,7
65,66,4,5,5,6,7,3,4,5,6,7,1,2,3,4,5,6,6,7,7,7
66,67,5,5,5,6,7,1,2,3,4,5,2,3,4,5,6,5,6,7,7,7
67,68,5,5,5,6,7,1,2,3,4,5,2,3,4,5,6,2,3,4,5,6
68,69,1,2,3,4,5,4,5,6,6,7,3,4,5,6,7,2,3,4,5,6
69,70,5,5,5,6,7,1,2,3,4,5,4,5,6,7,7,6,6,7,7,7
70,71,2,3,4,5,6,3,4,5,6,7,1,2,3,4,5,1,2,3,4,5
71,72,2,3,4,5,6,3,4,5,6,7,1,2,3,4,5,1,2,3,4,5
72,73,5,5,5,6,7,2,3,4,5,6,4,5,6,7,7,3,4,5,6,7
73,74,4,5,5,6,7,5,5,6,6,7,1,2,3,4,5,3,4,5,6,7
74,75,4,5,5,6,7,2,3,4,5,6,1,2,3,4,5,4,5,6,7,7
75,76,1,2,3,4,5,3,4,5,6,7,5,6,6,7,7,1,2,3,4,5
76,77,5,5,5,6,7,5,5,6,6,7,2,3,4,5,6,6,6,7,7,7
77,78,3,4,5,6,7,1,2,3,4,5,3,4,5,6,7,5,6,7,7,7
78,79,2,3,4,5,6,4,5,6,6,7,4,5,6,7,7,6,6,7,7,7
79,80,5,5,5,6,7,3,4,5,6,7,5,6,6,7,7,2,3,4,5,6
80,81,5,5,5,6,7,2,3,4,5,6,4,5,6,7,7,5,6,7,7,7
81,82,3,4,5,6,7,3,4,5,6,7,3,4,5,6,7,2,3,4,5,6
82,83,3,4,5,6,7,5,5,6,6,7,1,2,3,4,5,2,3,4,5,6
83,84,5,5,5,6,7,4,5,6,6,7,2,3,4,5,6,4,5,6,7,7
84,85,2,3,4,5,6,5,5,6,6,7,4,5,6,7,7,3,4,5,6,7
85,86,3,4,5,6,7,5,5,6,6,7,1,2,3,4,5,4,5,6,7,7
86,87,2,3,4,5,6,3,4,5,6,7,2,3,4,5,6,1,2,3,4,5
87,88,3,4,5,6,7,1,2,3,4,5,5,6,6,7,7,2,3,4,5,6
88,89,3,4,5,6,7,1,2,3,4,5,5,6,6,7,7,2,3,4,5,6
89,90,4,5,5,6,7,2,3,4,5,6,4,5,6,7,7,1,2,3,4,5
90,91,5,5,5,6,7,4,5,6,6,7,5,6,6,7,7,1,2,3,4,5
91,92,2,3,4,5,6,1,2,3,4,5,5,6,6,7,7,3,4,5,6,7
92,93,4,5,5,6,7,2,3,4,5,6,4,5,6,7,7,6,6,7,7,7
93,94,4,5,5,6,7,1,2,3,4,5,4,5,6,7,7,1,2,3,4,5
94,95,5,5,5,6,7,2,3,4,5,6,2,3,4,5,6,5,6,7,7,7
95,96,4,5,5,6,7,1,2,3,4,5,5,6,6,7,7,6,6,7,7,7
96,97,3,4,5,6,7,5,5,6,6,7,1,2,3,4,5,5,6,7,7,7
97,98,3,4,5,6,7,1,2,3,4,5,4,5,6,7,7,3,4,5,6,7
98,99,1,2,3,4,5,2,3,4,5,6,4,5,6,7,7,4,5,6,7,6
99,100,5,5,5,6,7,1,2,3,4,5,4,5,6,7,7,1,2,3,4,5
100,101,5,5,5,6,7,2,3,4,5,6,1,2,3,4,5,6,6,7,7,7
101,102,4,5,5,6,7,5,5,6,6,7,5,6,6,7,7,6,6,7,7,7
102,103,2,3,4,5,6,1,2,3,4,5,3,4,5,6,7,4,5,6,7,7
103,104,4,5,5,6,7,3,4,5,6,7,5,6,6,7,7,4,5,6,7,7
104,105,3,4,5,6,7,4,5,6,6,7,4,5,6,7,7,3,4,5,6,7
105,106,4,5,5,6,7,5,5,6,6,7,2,3,4,5,6,3,4,5,6,7
106,107,4,5,5,6,7,5,5,6,6,7,5,6,6,7,7,5,6,7,7,7
107,108,4,5,5,6,7,1,2,3,4,5,1,2,3,4,5,3,4,5,6,7
108,109,2,3,4,5,6,4,5,6,6,7,1,2,3,4,5,5,6,7,7,7
109,110,1,2,3,4,5,2,3,4,5,6,5,6,6,7,7,6,6,7,7,7
110,111,3,4,5,6,7,3,4,5,6,7,5,6,6,7,7,2,3,4,5,6
111,112,1,2,3,4,5,4,5,6,6,7,4,5,6,7,7,1,2,3,4,5
112,113,4,5,5,6,7,2,3,4,5,6,2,3,4,5,6,1,2,3,4,5
113,114,2,3,4,5,6,5,5,6,6,7,4,5,6,7,7,1,2,3,4,5
114,115,5,5,5,6,7,5,5,6,6,7,1,2,3,4,5,5,6,7,7,7
115,116,3,4,5,6,7,4,5,6,6,7,4,5,6,7,7,2,3,4,5,6
116,117,1,2,3,4,5,1,2,3,4,5,3,4,5,6,7,3,4,5,6,7
117,118,1,2,3,4,5,4,5,6,6,7,4,5,6,7,7,6,6,7,7,7
118,119,4,5,5,6,7,3,4,5,6,7,2,3,4,5,6,4,5,6,7,7
119,120,1,2,3,4,5,4,5,6,6,7,2,3,4,5,6,4,5,6,7,7
120,121,5,5,5,6,7,5,5,6,6,7,5,6,6,7,7,3,4,5,6,7
121,122,1,2,3,4,5,5,5,6,6,7,1,2,3,4,5,1,2,3,4,5
122,123,2,3,4,5,6,2,3,4,5,6,3,4,5,6,7,2,3,4,5,6
123,124,5,5,5,6,7,2,3,4,5,6,1,2,3,4,5,1,2,3,4,5
124,125,5,5,5,6,7,3,4,5,6,7,1,2,3,4,5,3,4,5,6,7
125,126,3,4,5,6,7,1,2,3,4,5,1,2,3,4,5,2,3,4,5,6
126,127,5,5,5,6,7,5,5,6,6,7,4,5,6,7,7,2,3,4,5,6
127,128,2,3,4,5,6,3,4,5,6,7,3,4,5,6,7,4,5,6,7,7
128,129,4,5,5,6,7,5,5,6,6,7,1,2,3,4,5,1,2,3,4,5
129,130,3,4,5,6,7,2,3,4,5,6,2,3,4,5,6,5,6,7,7,7
130,131,3,4,5,6,7,3,4,5,6,7,4,5,6,7,7,1,2,3,4,5
131,132,1,2,3,4,5,5,5,6,6,7,2,3,4,5,6,6,6,7,7,7
132,133,2,3,4,5,6,2,3,4,5,6,3,4,5,6,7,4,5,6,7,6
133,134,2,3,4,5,6,4,5,6,6,7,1,2,3,4,5,6,6,7,7,7
134,135,3,4,5,6,7,5,5,6,6,7,1,2,3,4,5,4,5,6,7,7
135,136,1,2,3,4,5,1,2,3,4,5,1,2,3,4,5,4,5,6,7,7
136,137,1,2,3,4,5,4,5,6,6,7,2,3,4,5,6,4,4,5,6,7
137,138,5,5,5,6,7,4,5,6,6,7,1,2,3,4,5,1,2,3,4,5
138,139,1,2,3,4,5,2,3,4,5,6,3,4,5,6,7,3,4,5,6,7
139,140,5,5,5,6,7,4,5,6,6,7,5,6,6,7,7,3,4,5,6,7
140,141,5,5,5,6,7,5,5,6,6,7,2,3,4,5,6,1,2,3,4,5
141,142,2,3,4,5,6,1,2,3,4,5,1,2,3,4,5,5,6,7,7,7
142,143,4,5,5,6,7,5,5,6,6,7,2,3,4,5,6,2,3,4,5,6
143,144,2,3,4,5,6,4,5,6,6,7,2,3,4,5,6,3,4,5,6,7
144,145,5,5,5,6,7,4,5,6,6,7,5,6,6,7,7,5,6,7,7,7
145,146,3,4,5,6,7,5,5,6,6,7,1,2,3,4,5,4,5,6,7,7
146,147,1,2,3,4,5,5,5,6,6,7,4,5,6,7,7,4,5,6,7,6
147,148,4,5,5,6,7,1,2,3,4,5,3,4,5,6,7,2,3,4,5,6
148,149,3,4,5,6,7,4,5,6,6,7,5,6,6,7,7,3,4,5,5,7
149,150,4,5,5,6,7,5,5,6,6,7,2,3,4,5,6,4,5,6,7,7
150,151,2,3,4,5,6,3,4,5,6,7,5,6,6,7,7,6,6,7,7,7
151,152,1,2,3,4,5,5,5,6,6,7,4,5,6,7,7,1,2,3,4,5
152,153,4,5,5,6,7,1,2,3,4,5,4,5,6,7,7,3,4,5,6,7
153,154,5,5,5,6,7,4,5,6,6,7,5,6,6,7,7,1,2,3,4,5
154,155,5,5,5,6,7,2,3,4,5,6,2,3,4,5,6,4,5,6,7,7
155,156,1,2,3,4,5,1,2,3,4,5,4,5,6,7,7,2,3,4,5,6
156,157,1,2,3,4,5,2,3,4,5,6,2,3,4,5,6,6,6,7,7,7
157,158,1,2,3,4,5,2,3,4,5,6,4,5,6,7,7,1,2,3,4,5
158,159,1,2,3,4,5,2,3,4,5,6,2,3,4,5,6,4,5,6,7,7
159,160,4,5,5,6,7,4,5,6,6,7,5,6,6,7,7,1,2,3,4,5
160,161,5,5,5,6,7,3,4,5,6,7,5,6,6,7,7,1,2,3,4,5
161,162,5,5,5,6,7,5,5,6,6,7,2,3,4,5,6,5,6,7,7,7
162,163,1,2,3,4,5,5,5,6,6,7,4,5,6,7,7,2,3,4,5,6
163,164,2,3,4,5,6,2,3,4,5,6,1,2,3,4,5,6,6,7,7,7
164,165,2,3,4,5,6,1,2,3,4,5,5,6,6,7,7,5,6,7,7,7
165,166,4,5,5,6,7,2,3,4,5,6,3,4,5,6,7,1,2,3,4,5
166,167,1,2,3,4,5,4,5,6,6,7,2,3,4,5,6,1,2,3,4,5
167,168,5,5,5,6,7,4,5,6,6,7,5,6,6,7,7,5,6,7,7,7
168,169,1,2,3,4,5,1,2,3,4,5,3,4,5,6,7,6,6,7,7,7
169,170,2,3,4,5,6,5,5,6,6,7,2,3,4,5,6,2,3,4,5,6
170,171,1,2,3,4,5,2,3,4,5,6,1,2,3,4,5,6,6,7,7,7
171,172,3,4,5,6,7,1,2,3,4,5,1,2,3,4,5,5,6,7,7,7
172,173,4,5,5,6,7,2,3,4,5,6,1,2,3,4,5,5,6,7,7,7
173,174,1,2,3,4,5,3,4,5,6,7,5,6,6,7,7,6,6,7,7,7
174,175,5,5,5,6,7,3,4,5,6,7,5,6,6,7,7,6,6,7,7,7
175,176,3,4,5,6,7,2,3,4,5,6,1,2,3,4,5,5,6,7,7,7
176,177,4,5,5,6,7,1,2,3,4,5,2,3,4,5,6,5,6,7,7,7
177,178,4,5,5,6,7,2,3,4,5,6,2,3,4,5,6,4,5,6,7,7
178,179,2,3,4,5,6,4,5,6,6,7,3,4,5,6,7,2,3,4,5,6
179,180,5,5,5,6,7,2,3,4,5,6,4,5,6,7,7,5,6,6,7,7
180,181,5,5,5,6,7,5,5,6,6,7,2,3,4,5,6,5,5,6,6,7
181,182,1,2,3,4,5,3,4,5,6,7,4,5,6,7,7,6,6,7,7,7
182,183,5,5,5,6,7,1,2,3,4,5,5,6,6,7,7,1,2,3,4,5
183,184,5,5,5,6,7,1,2,3,4,5,2,3,4,5,6,4,5,6,7,6
184,185,4,5,5,6,7,1,2,3,4,5,2,3,4,5,6,5,6,7,7,7
185,186,4,5,5,6,7,4,5,6,6,7,5,6,6,7,7,2,3,4,5,6
186,187,1,2,3,4,5,5,5,6,6,7,5,6,6,7,7,4,5,6,7,7
187,188,3,4,5,6,7,3,4,5,6,7,1,2,3,4,5,1,2,3,4,5
188,189,5,5,5,6,7,4,5,6,6,7,1,2,3,4,5,5,6,7,7,7
189,190,3,4,5,6,7,1,2,3,4,5,5,6,6,7,7,1,2,3,4,5
190,191,1,2,3,4,5,1,2,3,4,5,4,5,6,7,7,4,5,6,7,7
191,192,4,5,5,6,7,2,3,4,5,6,4,5,6,7,7,2,3,4,5,6
192,193,3,4,5,6,7,1,2,3,4,5,3,4,5,6,7,1,2,3,4,5
193,194,3,4,5,6,7,5,5,6,6,7,2,3,4,5,6,5,6,7,7,7
194,195,2,3,4,5,6,1,2,3,4,5,2,3,4,5,6,2,3,4,5,6
195,196,5,5,5,6,7,5,5,6,6,7,1,2,3,4,5,4,5,6,7,7
196,197,2,3,4,5,6,4,5,6,6,7,5,6,6,7,7,6,6,7,7,7
197,198,5,5,5,6,7,4,5,6,6,7,4,5,6,7,7,1,2,3,4,5
198,199,4,5,5,6,7,1,2,3,4,5,5,6,6,7,7,2,3,4,5,6
199,200,1,2,3,4,5,1,2,3,4,5,3,4,5,6,7,6,6,7,7,7
200,201,2,3,4,5,6,3,4,5,6,7,2,3,4,5,6,5,6,7,7,7
201,202,5,5,5,6,7,3,4,5,6,7,5,6,6,7,7,3,4,5,6,7
202,203,4,5,5,6,7,4,5,6,6,7,1,2,3,4,5,6,6,7,7,7
203,204,5,5,5,6,7,4,5,6,6,7,3,4,5,6,7,1,2,3,4,5
204,205,4,5,5,6,7,4,5,6,6,7,4,5,6,7,7,6,6,7,7,7
205,206,1,2,3,4,5,2,3,4,5,6,5,6,6,7,7,5,6,7,7,7
206,207,4,5,5,6,7,1,2,3,4,5,1,2,3,4,5,6,6,7,7,7
207,208,3,4,5,6,7,3,4,5,6,7,2,3,4,5,6,5,6,7,7,7
208,209,4,5,5,6,7,5,5,6,6,7,4,5,6,7,7,5,6,7,7,7
209,210,1,2,3,4,5,2,3,4,5,6,1,2,3,4,5,4,5,6,7,7
210,211,5,5,5,6,7,2,3,4,5,6,3,4,5,6,7,5,6,7,7,7
211,212,3,4,5,6,7,2,3,4,5,6,3,4,5,6,7,2,3,4,5,6
212,213,1,2,3,4,5,2,3,4,5,6,4,5,6,7,7,5,6,7,7,7
213,214,2,3,4,5,6,2,3,4,5,6,5,6,6,7,7,5,6,7,7,7
214,215,5,5,5,6,7,5,5,6,6,7,5,6,6,7,7,6,6,7,7,7
215,216,3,4,5,6,7,4,5,6,6,7,1,2,3,4,5,6,6,7,7,7
216,217,2,3,4,5,6,3,4,5,6,7,1,2,3,4,5,2,3,4,5,6
217,218,4,5,5,6,7,2,3,4,5,6,2,3,4,5,6,5,6,7,7,7
218,219,5,5,5,6,7,1,2,3,4,5,4,5,6,7,7,6,6,7,7,7
219,220,5,5,5,6,7,3,4,5,6,7,4,5,6,7,7,4,5,6,7,7
220,221,3,4,5,6,7,3,4,5,6,7,3,4,5,6,7,1,2,3,4,5
221,222,1,2,3,4,5,5,5,6,6,7,4,5,6,7,7,3,4,5,6,7
222,223,2,3,4,5,6,2,3,4,5,6,4,5,6,7,7,4,5,6,7,7
223,224,5,5,5,6,7,1,2,3,4,5,2,3,4,5,6,1,2,3,4,5
224,225,4,5,5,6,7,4,5,6,6,7,1,2,3,4,5,1,2,3,4,5
225,226,3,4,5,6,7,2,3,4,5,6,2,3,4,5,6,1,2,3,4,5
226,227,2,3,4,5,6,5,5,6,6,7,2,3,4,5,6,5,6,7,7,7
227,228,1,2,3,4,5,2,3,4,5,6,1,2,3,4,5,4,5,6,7,7
228,229,2,3,4,5,6,5,5,6,6,7,4,5,6,7,7,5,6,7,7,7
229,230,5,5,5,6,7,2,3,4,5,6,3,4,5,6,7,4,5,6,7,7
230,231,3,4,5,6,7,3,4,5,6,7,2,3,4,5,6,1,2,3,4,5
231,232,4,5,5,6,7,2,3,4,5,6,2,3,4,5,6,4,5,6,7,7
232,233,1,2,3,4,5,1,2,3,4,5,2,3,4,5,6,3,4,5,6,7
233,234,4,5,5,6,7,1,2,3,4,5,4,5,6,7,7,1,2,3,4,5
234,235,3,4,5,6,7,1,2,3,4,5,4,5,6,7,7,1,2,3,4,5
235,236,3,4,5,6,7,5,5,6,6,7,1,2,3,4,5,1,2,3,4,5
236,237,4,5,5,6,7,2,3,4,5,6,4,5,6,7,7,3,4,5,6,7
237,238,4,5,5,6,7,3,4,5,6,7,5,6,6,7,7,1,2,3,4,5
238,239,3,4,5,6,7,1,2,3,4,5,2,3,4,5,6,5,6,7,7,7
239,240,4,5,5,6,7,1,2,3,4,5,5,6,6,7,7,1,2,3,4,5
240,241,3,4,5,6,7,2,3,4,5,6,4,5,6,7,7,4,5,6,7,7
241,242,1,2,3,4,5,1,2,3,4,5,5,6,6,7,7,2,3,4,4,6
242,243,5,5,5,6,7,4,5,6,6,7,5,6,6,7,7,4,5,6,7,6
243,244,2,3,4,5,6,2,3,4,5,6,5,6,6,7,7,6,6,7,7,7
244,245,5,5,5,6,7,3,4,5,6,7,3,4,5,6,7,2,3,4,5,6
245,246,5,5,5,6,7,2,3,4,5,6,5,6,6,7,7,3,4,5,6,7
246,247,5,5,5,6,7,1,2,3,4,5,1,2,3,4,5,5,6,7,7,7
247,248,3,4,5,6,7,1,2,3,4,5,4,5,6,7,7,3,4,5,6,7
248,249,2,3,4,5,6,3,4,5,6,7,3,4,5,6,7,5,6,7,7,7
249,250,2,3,4,5,6,3,4,5,6,7,2,3,4,5,6,5,6,7,7,7
250,251,3,4,5,6,7,2,3,4,5,6,2,3,4,5,6,5,6,7,7,7
251,252,2,3,4,5,6,3,4,5,6,7,2,3,4,5,6,5,6,7,7,7
252,253,1,2,3,4,5,4,5,6,6,7,5,6,6,7,7,6,6,7,7,7
253,254,3,4,5,6,7,2,3,4,5,6,2,3,4,5,6,4,5,6,7,7
254,255,4,5,5,6,7,4,5,6,6,7,4,5,6,7,7,2,3,4,5,6
255,256,1,2,3,4,5,3,4,5,6,7,1,2,3,4,5,5,6,7,7,7
256,257,5,5,5,6,7,1,2,3,4,5,5,6,6,7,7,6,6,7,7,7
257,258,4,5,5,6,7,2,3,4,5,6,4,5,6,7,7,2,3,4,5,6
258,259,4,5,5,6,7,1,2,3,4,5,4,5,6,7,7,6,6,7,7,7
259,260,2,3,4,5,6,5,5,6,6,7,3,4,5,6,7,5,6,7,7,7
260,261,2,3,4,5,6,1,2,3,4,5,1,2,3,4,5,6,6,7,7,7
261,262,3,4,5,6,7,1,2,3,4,5,2,3,4,5,6,1,2,3,4,5
262,263,3,4,5,6,7,1,2,3,4,5,5,6,6,7,7,3,4,5,6,7
263,264,3,4,5,6,7,1,2,3,4,5,2,3,4,5,6,1,2,3,4,5
264,265,5,5,5,6,7,2,3,4,5,6,4,5,6,7,7,6,6,7,7,7
265,266,4,5,5,6,7,1,2,3,4,5,5,6,6,7,7,5,6,7,7,7
266,267,5,5,5,6,7,4,5,6,6,7,1,2,3,4,5,3,4,5,6,7
267,268,1,2,3,4,5,5,5,6,6,7,5,6,6,7,7,3,4,5,6,7
268,269,2,3,4,5,6,5,5,6,6,7,4,5,6,7,7,1,2,3,4,5
269,270,1,2,3,4,5,1,2,3,4,5,2,3,4,5,6,2,3,4,5,6
270,271,4,5,5,6,7,1,2,3,4,5,4,5,6,7,7,6,6,7,7,7
271,272,5,5,5,6,7,1,2,3,4,5,4,5,6,7,7,6,6,7,7,7
272,273,5,5,5,6,7,2,3,4,5,6,1,2,3,4,5,1,2,3,4,5
273,274,2,3,4,5,6,2,3,4,5,6,4,5,6,7,7,6,6,7,7,7
274,275,5,5,5,6,7,4,5,6,6,7,4,5,6,7,7,3,4,5,6,7
275,276,2,3,4,5,6,3,4,5,6,7,1,2,3,4,5,3,4,5,6,7
276,277,3,4,5,6,7,2,3,4,5,6,3,4,5,6,7,4,5,6,7,7
277,278,2,3,4,5,6,4,5,6,6,7,2,3,4,5,6,6,6,7,7,7
278,279,2,3,4,5,6,4,5,6,6,7,2,3,4,5,6,6,6,7,7,7
279,280,5,5,5,6,7,4,5,6,6,7,3,4,5,6,7,4,5,6,7,7
280,281,2,3,4,5,6,3,4,5,6,7,3,4,5,6,7,1,2,3,4,5
281,282,5,5,5,6,7,2,3,4,5,6,5,6,6,7,7,3,4,5,6,7
282,283,1,2,3,4,5,1,2,3,4,5,1,2,3,4,5,5,6,7,7,7
283,284,1,2,3,4,5,2,3,4,5,6,4,5,6,7,7,1,2,3,4,5
284,285,4,5,5,6,7,3,4,5,6,7,4,5,6,7,7,1,2,3,4,5
285,286,1,2,3,4,5,5,5,6,6,7,2,3,4,5,6,6,6,7,7,7
286,287,2,3,4,5,6,5,5,6,6,7,2,3,4,5,6,1,2,3,4,5
287,288,3,4,5,6,7,1,2,3,4,5,2,3,4,5,6,5,6,7,7,7
288,289,4,5,5,6,7,5,5,6,6,7,1,2,3,4,5,6,6,7,7,7
289,290,5,5,5,6,7,1,2,3,4,5,3,4,5,6,7,1,2,3,4,5
290,291,1,2,3,4,5,4,5,6,6,7,2,3,4,5,6,4,5,6,7,7
291,292,5,5,5,6,7,1,2,3,4,5,3,4,5,6,7,3,4,5,6,7
292,293,2,3,4,5,6,2,3,4,5,6,4,5,6,7,7,2,3,4,5,6
293,294,1,2,3,4,5,2,3,4,5,6,4,5,6,7,7,1,2,3,4,5
294,295,1,2,3,4,5,1,2,3,4,5,1,2,3,4,5,2,3,4,5,6
295,296,2,3,4,5,6,5,5,6,6,7,2,3,4,5,6,3,4,5,6,7
296,297,3,4,5,6,7,5,5,6,6,7,3,4,5,6,7,5,6,7,7,7
297,298,5,5,5,6,7,3,4,5,6,7,1,2,3,4,5,5,6,7,7,7
298,299,2,3,4,5,6,2,3,4,5,6,2,3,4,5,6,2,3,4,5,6
299,300,1,2,3,4,5,2,3,4,5,6,5,6,6,7,7,5,6,7,7,7
300,301,4,5,5,6,7,2,3,4,5,6,2,3,4,5,6,4,5,6,7,7
301,302,1,2,3,4,5,5,5,6,6,7,3,4,5,6,7,4,5,6,7,7
302,303,4,5,5,6,7,2,3,4,5,6,3,4,5,6,7,3,4,5,6,7
303,304,3,4,5,6,7,1,2,3,4,5,3,4,5,6,7,4,5,6,7,7
304,305,5,5,5,6,7,1,2,3,4,5,4,5,6,7,7,2,3,4,5,6
305,306,3,4,5,6,7,1,2,3,4,5,4,5,6,7,7,2,3,4,5,6
306,307,3,4,5,6,7,1,2,3,4,5,4,5,6,7,7,1,2,3,4,5
307,308,1,2,3,4,5,3,4,5,6,7,2,3,4,5,6,6,6,7,7,7
308,309,1,2,3,4,5,1,2,3,4,5,5,6,6,7,7,5,6,6,7,7
309,310,3,4,5,6,7,4,5,6,6,7,3,4,5,6,7,4,5,6,6,7
310,311,4,5,5,6,7,5,5,6,6,7,5,6,6,7,7,3,4,5,6,7
311,312,2,3,4,5,6,2,3,4,5,6,1,2,3,4,5,4,5,6,7,7
312,313,2,3,4,5,6,1,2,3,4,5,4,5,6,7,7,5,6,7,7,7
313,314,1,2,3,4,5,4,5,6,6,7,1,2,3,4,5,4,5,6,7,7
314,315,5,5,5,6,7,1,2,3,4,5,5,6,6,7,7,4,5,6,7,7
315,316,1,2,3,4,5,1,2,3,4,5,3,4,5,6,7,5,6,7,7,7
316,317,1,2,3,4,5,3,4,5,6,7,3,4,5,6,7,2,3,4,5,6
317,318,1,2,3,4,5,5,5,6,6,7,3,4,5,6,7,1,2,3,4,5
318,319,3,4,5,6,7,1,2,3,4,5,5,6,6,7,7,5,6,7,7,7
319,320,3,4,5,6,7,3,4,5,6,7,5,6,6,7,7,6,6,7,7,7
320,321,5,5,5,6,7,5,5,6,6,7,1,2,3,4,5,6,6,7,7,7
321,322,5,5,5,6,7,1,2,3,4,5,4,5,6,7,7,4,5,6,7,7
322,323,5,5,5,6,7,1,2,3,4,5,2,3,4,5,6,2,3,4,5,6
323,324,2,3,4,5,6,5,5,6,6,7,3,4,5,6,7,4,5,6,7,7
324,325,5,5,5,6,7,4,5,6,6,7,3,4,5,6,7,5,6,7,7,7
325,326,4,5,5,6,7,4,5,6,6,7,1,2,3,4,5,5,6,7,7,7
326,327,3,4,5,6,7,5,5,6,6,7,5,6,6,7,7,4,5,6,7,7
327,328,2,3,4,5,6,1,2,3,4,5,3,4,5,6,7,5,6,7,7,7
328,329,5,5,5,6,7,1,2,3,4,5,2,3,4,5,6,3,4,5,6,7
329,330,5,5,5,6,7,3,4,5,6,7,2,3,4,5,6,4,5,6,7,7
330,331,3,4,5,6,7,5,5,6,6,7,5,6,6,7,7,3,4,5,6,7
331,332,2,3,4,5,6,3,4,5,6,7,5,6,6,7,7,1,2,3,4,5
332,333,3,4,5,6,7,3,4,5,6,7,2,3,4,5,6,2,3,4,5,6
333,334,2,3,4,5,6,4,5,6,6,7,1,2,3,4,5,4,5,6,7,7
334,335,2,3,4,5,6,4,5,6,6,7,3,4,5,6,7,2,3,4,5,6
335,336,2,3,4,5,6,4,5,6,6,7,4,5,6,7,7,4,5,6,7,7
336,337,5,5,5,6,7,3,4,5,6,7,3,4,5,6,7,1,2,3,4,5
337,338,3,4,5,6,7,2,3,4,5,6,4,5,6,7,7,2,3,4,5,6
338,339,5,5,5,6,7,5,5,6,6,7,4,5,6,7,7,5,6,7,7,7
339,340,5,5,5,6,7,1,2,3,4,5,3,4,5,6,7,1,2,3,4,5
340,341,4,5,5,6,7,3,4,5,6,7,1,2,3,4,5,6,6,7,7,7
341,342,5,5,5,6,7,2,3,4,5,6,3,4,5,6,7,3,4,5,6,7
342,343,3,4,5,6,7,1,2,3,4,5,5,6,6,7,7,3,4,5,6,7
343,344,1,2,3,4,5,4,5,6,6,7,1,2,3,4,5,4,5,6,7,7
344,345,5,5,5,6,7,3,4,5,6,7,1,2,3,4,5,5,6,7,7,7
345,346,1,2,3,4,5,4,5,6,6,7,1,2,3,4,5,3,4,5,6,7
346,347,3,4,5,6,7,5,5,6,6,7,3,4,5,6,7,5,6,6,7,7
347,348,4,5,5,6,7,5,5,6,6,7,5,6,6,7,7,6,6,7,7,7
348,349,1,2,3,4,5,1,2,3,4,5,4,5,6,7,7,4,5,6,7,6
349,350,5,5,5,6,7,4,5,6,6,7,5,6,6,7,7,2,3,4,5,6
350,351,5,5,5,6,7,4,5,6,6,7,5,6,6,7,7,1,2,3,4,5
351,352,4,5,5,6,7,3,4,5,6,7,2,3,4,5,6,4,5,6,7,7
352,353,2,3,4,5,6,3,4,5,6,7,4,5,6,7,7,6,6,7,7,7
353,354,3,4,5,6,7,5,5,6,6,7,3,4,5,6,7,5,6,7,7,7
354,355,5,5,5,6,7,2,3,4,5,6,5,6,6,7,7,4,5,6,7,7
355,356,3,4,5,6,7,3,4,5,6,7,4,5,6,7,7,6,6,7,7,7
356,357,1,2,3,4,5,2,3,4,5,6,3,4,5,6,7,4,5,6,7,7
357,358,3,4,5,6,7,2,3,4,5,6,1,2,3,4,5,1,2,3,4,5
358,359,4,5,5,6,7,2,3,4,5,6,1,2,3,4,5,3,4,5,6,7
359,360,5,5,5,6,7,1,2,3,4,5,1,2,3,4,5,5,6,7,7,7
360,361,5,5,5,6,7,5,5,6,6,7,4,5,6,7,7,1,2,3,4,5
361,362,1,2,3,4,5,3,4,5,6,7,3,4,5,6,7,5,6,7,7,7
362,363,2,3,4,5,6,3,4,5,6,7,4,5,6,7,7,1,2,3,4,5
363,364,5,5,5,6,7,3,4,5,6,7,1,2,3,4,5,6,6,7,7,7
364,365,3,4,5,6,7,3,4,5,6,7,3,4,5,6,7,5,6,7,7,7
365,366,1,2,3,4,5,1,2,3,4,5,4,5,6,7,7,4,5,6,7,6
366,367,1,2,3,4,5,3,4,5,6,7,4,5,6,7,7,5,6,7,7,7
367,368,1,2,3,4,5,3,4,5,6,7,3,4,5,6,7,4,5,6,7,7
368,369,4,5,5,6,7,1,2,3,4,5,5,6,6,7,7,5,6,7,7,7
369,370,1,2,3,4,5,4,5,6,6,7,5,6,6,7,7,1,2,3,4,5
370,371,1,2,3,4,5,5,5,6,6,7,5,6,6,7,7,6,6,7,7,7
371,372,1,2,3,4,5,3,4,5,6,7,1,2,3,4,5,5,6,7,7,7
372,373,4,5,5,6,7,3,4,5,6,7,2,3,4,5,6,2,3,4,5,6
373,374,3,4,5,6,7,1,2,3,4,5,1,2,3,4,5,4,5,6,7,7
374,375,1,2,3,4,5,5,5,6,6,7,5,6,6,7,7,3,4,5,6,7
375,376,3,4,5,6,7,3,4,5,6,7,5,6,6,7,7,4,5,6,7,7
376,377,4,5,5,6,7,3,4,5,6,7,2,3,4,5,6,5,6,7,7,7
377,378,3,4,5,6,7,5,5,6,6,7,1,2,3,4,5,5,6,7,7,7
378,379,2,3,4,5,6,5,5,6,6,7,4,5,6,7,7,1,2,3,4,5
379,380,4,5,5,6,7,2,3,4,5,6,2,3,4,5,6,5,6,7,7,7
380,381,5,5,5,6,7,2,3,4,5,6,3,4,5,6,7,5,6,7,7,7
381,382,5,5,5,6,7,3,4,5,6,7,2,3,4,5,6,4,5,6,7,7
382,383,5,5,5,6,7,2,3,4,5,6,4,5,6,7,7,2,3,4,5,6
383,384,5,5,5,6,7,3,4,5,6,7,3,4,5,6,7,1,2,3,4,5
384,385,4,5,5,6,7,1,2,3,4,5,5,6,6,7,7,2,3,4,5,6
385,386,3,4,5,6,7,1,2,3,4,5,2,3,4,5,6,5,6,7,7,7
386,387,3,4,5,6,7,3,4,5,6,7,3,4,5,6,7,3,4,5,6,7
387,388,2,3,4,5,6,5,5,6,6,7,5,6,6,7,7,3,4,5,6,7
388,389,3,4,5,6,7,5,5,6,6,7,5,6,6,7,7,6,6,7,7,7
389,390,4,5,5,6,7,4,5,6,6,7,4,5,6,7,7,3,4,5,6,7
390,391,4,5,5,6,7,4,5,6,6,7,1,2,3,4,5,2,3,4,5,6
391,392,2,3,4,5,6,4,5,6,6,7,1,2,3,4,5,4,5,6,7,7
392,393,2,3,4,5,6,5,5,6,6,7,3,4,5,6,7,4,5,6,7,7
393,394,3,4,5,6,7,2,3,4,5,6,5,6,6,7,7,1,2,3,4,5
394,395,5,5,5,6,7,2,3,4,5,6,2,3,4,5,6,5,6,7,7,7
395,396,5,5,5,6,7,2,3,4,5,6,3,4,5,6,7,2,3,4,5,6
396,397,4,5,5,6,7,3,4,5,6,7,4,5,6,7,7,4,5,6,7,7
397,398,5,5,5,6,7,3,4,5,6,7,3,4,5,6,7,4,5,6,7,7
398,399,5,5,5,6,7,1,2,3,4,5,4,5,6,7,7,3,4,5,6,7
399,400,1,2,3,4,5,3,4,5,6,7,2,3,4,5,6,2,3,4,5,6
400,401,3,4,5,6,7,3,4,5,6,7,5,6,6,7,7,1,2,3,4,5
401,402,1,2,3,4,5,2,3,4,5,6,2,3,4,5,6,3,4,5,6,7
402,403,4,5,5,6,7,2,3,4,5,6,2,3,4,5,6,5,6,7,7,7
403,404,3,4,5,6,7,1,2,3,4,5,2,3,4,5,6,5,6,7,7,7
404,405,3,4,5,6,7,5,5,6,6,7,3,4,5,6,7,6,6,7,7,7
405,406,4,5,5,6,7,3,4,5,6,7,3,4,5,6,7,3,4,5,6,7
406,407,3,4,5,6,7,4,5,6,6,7,4,5,6,7,7,4,5,6,7,7
407,408,3,4,5,6,7,3,4,5,6,7,3,4,5,6,7,2,3,4,5,6
408,409,4,5,5,6,7,1,2,3,4,5,3,4,5,6,7,1,2,3,4,5
409,410,4,5,5,6,7,4,5,6,6,7,3,4,5,6,7,1,2,3,4,5
410,411,2,3,4,5,6,1,2,3,4,5,3,4,5,6,7,4,5,6,7,6
411,412,2,3,4,5,6,5,5,6,6,7,3,4,5,6,7,1,2,3,4,5
412,413,3,4,5,6,7,4,5,6,6,7,1,2,3,4,5,4,5,6,7,6
413,414,3,4,5,6,7,5,5,6,6,7,5,6,6,7,7,5,6,7,7,7
414,415,4,5,5,6,7,5,5,6,6,7,3,4,5,6,7,3,4,5,6,7
415,416,3,4,5,6,7,2,3,4,5,6,4,5,6,7,7,1,2,3,4,5
416,417,1,2,3,4,5,4,5,6,6,7,1,2,3,4,5,1,2,3,4,5
417,418,1,2,3,4,5,3,4,5,6,7,1,2,3,4,5,3,4,5,6,7
418,419,4,5,5,6,7,2,3,4,5,6,3,4,5,6,7,5,6,7,7,7
419,420,5,5,5,6,7,5,5,6,6,7,3,4,5,6,7,5,6,7,7,7
420,421,4,5,5,6,7,5,5,6,6,7,2,3,4,5,6,5,6,7,6,7
421,422,5,5,5,6,7,2,3,4,5,6,3,4,5,6,7,6,6,7,7,7
422,423,2,3,4,5,6,1,2,3,4,5,2,3,4,5,6,4,5,6,7,7
423,424,2,3,4,5,6,3,4,5,6,7,5,6,6,7,7,6,6,7,7,7
424,425,5,5,5,6,7,2,3,4,5,6,3,4,5,6,7,4,5,6,7,7
425,426,1,2,3,4,5,1,2,3,4,5,5,6,6,7,7,2,3,4,5,6
426,427,1,2,3,4,5,5,5,6,6,7,2,3,4,5,6,4,5,6,7,7
427,428,5,5,5,6,7,5,5,6,6,7,5,6,6,7,7,2,3,4,5,6
428,429,3,4,5,6,7,4,5,6,6,7,4,5,6,7,7,1,2,3,4,5
429,430,4,5,5,6,7,4,5,6,6,7,3,4,5,6,7,6,6,7,7,7
430,431,5,5,5,6,7,4,5,6,6,7,2,3,4,5,6,5,6,7,7,7
431,432,4,5,5,6,7,2,3,4,5,6,2,3,4,5,6,5,6,7,7,7
432,433,5,5,5,6,7,5,5,6,6,7,4,5,6,7,7,1,2,3,4,5
433,434,4,5,5,6,7,1,2,3,4,5,3,4,5,6,7,1,2,3,4,5
434,435,3,4,5,6,7,2,3,4,5,6,5,6,6,7,7,3,4,5,6,7
435,436,4,5,5,6,7,1,2,3,4,5,4,5,6,7,7,4,5,6,7,7
436,437,4,5,5,6,7,5,5,6,6,7,5,6,6,7,7,2,3,4,5,6
437,438,1,2,3,4,5,1,2,3,4,5,4,5,6,7,7,1,2,3,4,5
438,439,4,5,5,6,7,5,5,6,6,7,2,3,4,5,6,5,6,7,7,7
439,440,4,5,5,6,7,5,5,6,6,7,5,6,6,7,7,5,6,7,7,7
440,441,1,2,3,4,5,4,5,6,6,7,4,5,6,7,7,5,6,7,7,7
441,442,1,2,3,4,5,1,2,3,4,5,5,6,6,7,7,4,5,6,7,7
442,443,2,3,4,5,6,5,5,6,6,7,3,4,5,6,7,2,3,4,5,6
443,444,2,3,4,5,6,5,5,6,6,7,3,4,5,6,7,6,6,7,7,7
444,445,2,3,4,5,6,5,5,6,6,7,2,3,4,5,6,2,3,4,5,6
445,446,2,3,4,5,6,2,3,4,5,6,3,4,5,6,7,5,6,7,7,7
446,447,4,5,5,6,7,5,5,6,6,7,2,3,4,5,6,4,5,6,7,7
447,448,1,2,3,4,5,3,4,5,6,7,1,2,3,4,5,6,6,7,7,7
448,449,5,5,5,6,7,5,5,6,6,7,5,6,6,7,7,6,6,7,7,7
449,450,3,4,5,6,7,3,4,5,6,7,2,3,4,5,6,3,4,5,5,6
450,451,1,2,3,4,5,2,3,4,5,6,1,2,3,4,5,4,5,6,7,7
451,452,3,4,5,6,7,3,4,5,6,7,5,6,6,7,7,3,4,5,6,7
452,453,3,4,5,6,7,2,3,4,5,6,4,5,6,7,7,5,6,7,7,7
453,454,3,4,5,6,7,2,3,4,5,6,5,6,6,7,7,6,6,7,7,7
454,455,1,2,3,4,5,2,3,4,5,6,5,6,6,7,7,6,6,7,7,7
455,456,3,4,5,6,7,4,5,6,6,7,2,3,4,5,6,5,6,7,7,7
456,457,3,4,5,6,7,5,5,6,6,7,2,3,4,5,6,5,6,7,7,7
457,458,2,3,4,5,6,3,4,5,6,7,4,5,6,7,7,2,3,4,5,6
458,459,5,5,5,6,7,3,4,5,6,7,2,3,4,5,6,5,6,7,7,7
459,460,5,5,5,6,7,5,5,6,6,7,4,5,6,7,7,4,5,6,7,7
460,461,3,4,5,6,7,1,2,3,4,5,2,3,4,5,6,5,6,7,7,7
461,462,3,4,5,6,7,3,4,5,6,7,3,4,5,6,7,1,2,3,4,5
462,463,5,5,5,6,7,3,4,5,6,7,3,4,5,6,7,4,5,6,7,7
463,464,2,3,4,5,6,1,2,3,4,5,1,2,3,4,5,3,4,5,6,7
464,465,5,5,5,6,7,1,2,3,4,5,4,5,6,7,7,5,6,7,7,7
465,466,3,4,5,6,7,1,2,3,4,5,2,3,4,5,6,2,3,4,5,6
466,467,1,2,3,4,5,1,2,3,4,5,5,6,6,7,7,5,6,7,7,7
467,468,2,3,4,5,6,5,5,6,6,7,1,2,3,4,5,3,4,5,6,7
468,469,5,5,5,6,7,4,5,6,6,7,5,6,6,7,7,1,2,3,4,5
469,470,5,5,5,6,7,4,5,6,6,7,4,5,6,7,7,4,5,6,7,6
470,471,2,3,4,5,6,1,2,3,4,5,5,6,6,7,7,6,6,7,7,7
471,472,2,3,4,5,6,2,3,4,5,6,5,6,6,7,7,2,3,4,4,6
472,473,2,3,4,5,6,5,5,6,6,7,1,2,3,4,5,1,2,3,4,5
473,474,4,5,5,6,7,1,2,3,4,5,5,6,6,7,7,1,2,3,4,5
474,475,4,5,5,6,7,2,3,4,5,6,4,5,6,7,7,1,2,3,4,5
475,476,1,2,3,4,5,1,2,3,4,5,3,4,5,6,7,3,4,5,6,7
476,477,1,2,3,4,5,2,3,4,5,6,1,2,3,4,5,5,6,7,7,7
477,478,3,4,5,6,7,5,5,6,6,7,3,4,5,6,7,1,2,3,4,5
478,479,2,3,4,5,6,5,5,6,6,7,4,5,6,7,7,2,3,4,5,6
479,480,5,5,5,6,7,1,2,3,4,5,3,4,5,6,7,3,4,5,6,7
480,481,4,5,5,6,7,3,4,5,6,7,1,2,3,4,5,6,6,7,7,7
481,482,5,5,5,6,7,5,5,6,6,7,4,5,6,7,7,6,6,7,7,7
482,483,2,3,4,5,6,4,5,6,6,7,5,6,6,7,7,3,4,5,6,7
483,484,2,3,4,5,6,1,2,3,4,5,3,4,5,6,7,1,2,3,4,5
484,485,2,3,4,5,6,4,5,6,6,7,1,2,3,4,5,3,4,5,6,7
485,486,4,5,5,6,7,5,5,6,6,7,5,6,6,7,7,5,6,7,7,7
486,487,4,5,5,6,7,5,5,6,6,7,1,2,3,4,5,3,4,5,6,7
487,488,2,3,4,5,6,2,3,4,5,6,3,4,5,6,7,4,5,6,7,7
488,489,3,4,5,6,7,5,5,6,6,7,4,5,6,7,7,1,2,3,4,5
489,490,1,2,3,4,5,1,2,3,4,5,5,6,6,7,7,4,5,6,7,7
490,491,1,2,3,4,5,4,5,6,6,7,5,6,6,7,7,1,2,3,4,5
491,492,3,4,5,6,7,5,5,6,6,7,3,4,5,6,7,1,2,3,4,5
492,493,2,3,4,5,6,1,2,3,4,5,3,4,5,6,7,2,3,4,5,6
493,494,1,2,3,4,5,1,2,3,4,5,5,6,6,7,7,1,2,3,4,5
494,495,4,5,5,6,7,2,3,4,5,6,5,6,6,7,7,1,2,3,4,5
495,496,4,5,5,6,7,3,4,5,6,7,3,4,5,6,7,4,5,6,7,7
496,497,4,5,5,6,7,2,3,4,5,6,3,4,5,6,7,2,3,4,5,6
497,498,5,5,5,6,7,2,3,4,5,6,5,6,6,7,7,4,5,6,7,7
498,499,3,4,5,6,7,1,2,3,4,5,2,3,4,5,6,4,5,6,7,6
499,500,3,4,5,6,7,3,4,5,6,7,3,4,5,6,7,3,4,5,6,7
500,501,1,2,3,4,5,2,3,4,5,6,4,5,6,7,7,2,3,4,5,6
501,502,5,5,5,6,7,1,2,3,4,5,3,4,5,6,7,2,3,4,5,6
502,503,3,4,5,6,7,2,3,4,5,6,2,3,4,5,6,3,4,5,6,7
503,504,2,3,4,5,6,1,2,3,4,5,3,4,5,6,7,2,3,4,5,6
504,505,3,4,5,6,7,1,2,3,4,5,5,6,6,7,7,1,2,3,4,5
505,506,5,5,5,6,7,5,5,6,6,7,3,4,5,6,7,4,5,6,7,7
506,507,5,5,5,6,7,2,3,4,5,6,4,5,6,7,7,5,6,7,7,7
507,508,1,2,3,4,5,5,5,6,6,7,2,3,4,5,6,5,6,7,7,7
508,509,5,5,5,6,7,2,3,4,5,6,1,2,3,4,5,4,5,6,7,7
509,510,2,3,4,5,6,5,5,6,6,7,3,4,5,6,7,6,6,7,7,7
510,511,5,5,5,6,7,1,2,3,4,5,4,5,6,7,7,3,4,5,6,7
511,512,5,5,5,6,7,4,5,6,6,7,4,5,6,7,7,2,3,4,5,6
512,513,4,5,5,6,7,1,2,3,4,5,2,3,4,5,6,1,2,3,4,5
513,514,4,5,5,6,7,2,3,4,5,6,2,3,4,5,6,5,6,7,7,7
514,515,4,5,5,6,7,3,4,5,6,7,4,5,6,7,7,2,3,4,5,6
515,516,2,3,4,5,6,4,5,6,6,7,4,5,6,7,7,5,6,7,7,7
516,517,4,5,5,6,7,4,5,6,6,7,2,3,4,5,6,3,4,5,6,7
517,518,5,5,5,6,7,5,5,6,6,7,1,2,3,4,5,5,6,7,7,7
518,519,2,3,4,5,6,3,4,5,6,7,2,3,4,5,6,4,5,6,7,7
519,520,3,4,5,6,7,1,2,3,4,5,2,3,4,5,6,4,5,6,7,7
520,521,5,5,5,6,7,4,5,6,6,7,5,6,6,7,7,4,5,6,7,7
521,522,1,2,3,4,5,2,3,4,5,6,4,5,6,7,7,5,6,7,7,7
522,523,2,3,4,5,6,4,5,6,6,7,1,2,3,4,5,1,2,3,4,5
523,524,3,4,5,6,7,1,2,3,4,5,2,3,4,5,6,2,3,4,5,6
524,525,4,5,5,6,7,2,3,4,5,6,4,5,6,7,7,2,3,4,5,6
525,526,1,2,3,4,5,3,4,5,6,7,2,3,4,5,6,5,6,7,7,7
526,527,3,4,5,6,7,1,2,3,4,5,3,4,5,6,7,6,6,7,7,7
527,528,5,5,5,6,7,4,5,6,6,7,2,3,4,5,6,5,6,7,7,7
528,529,1,2,3,4,5,2,3,4,5,6,2,3,4,5,6,4,5,6,7,7
529,530,2,3,4,5,6,4,5,6,6,7,4,5,6,7,7,6,6,7,7,7
530,531,2,3,4,5,6,2,3,4,5,6,2,3,4,5,6,3,4,5,6,7
531,532,1,2,3,4,5,5,5,6,6,7,1,2,3,4,5,4,5,6,6,7
532,533,4,5,5,6,7,4,5,6,6,7,2,3,4,5,6,1,2,3,4,5
533,534,1,2,3,4,5,2,3,4,5,6,2,3,4,5,6,1,2,3,4,5
534,535,3,4,5,6,7,4,5,6,6,7,4,5,6,7,7,6,6,7,7,7
535,536,3,4,5,6,7,1,2,3,4,5,2,3,4,5,6,1,2,3,4,5
536,537,1,2,3,4,5,1,2,3,4,5,3,4,5,6,7,4,5,6,7,7
537,538,5,5,5,6,7,4,5,6,6,7,5,6,6,7,7,1,2,3,4,5
538,539,1,2,3,4,5,5,5,6,6,7,5,6,6,7,7,5,6,7,7,7
539,540,1,2,3,4,5,3,4,5,6,7,3,4,5,6,7,4,5,6,7,7
540,541,1,2,3,4,5,1,2,3,4,5,5,6,6,7,7,2,3,4,5,6
541,542,5,5,5,6,7,4,5,6,6,7,3,4,5,6,7,1,2,3,4,5
542,543,5,5,5,6,7,4,5,6,6,7,3,4,5,6,7,6,6,7,7,7
543,544,5,5,5,6,7,1,2,3,4,5,1,2,3,4,5,2,3,4,5,6
544,545,4,5,5,6,7,2,3,4,5,6,3,4,5,6,7,1,2,3,4,5
545,546,3,4,5,6,7,4,5,6,6,7,4,5,6,7,7,6,6,7,7,7
546,547,4,5,5,6,7,3,4,5,6,7,3,4,5,6,7,4,5,6,7,7
547,548,3,4,5,6,7,4,5,6,6,7,3,4,5,6,7,3,4,5,6,7
548,549,5,5,5,6,7,1,2,3,4,5,1,2,3,4,5,1,2,3,4,5
549,550,3,4,5,6,7,2,3,4,5,6,5,6,6,7,7,3,4,5,6,7
550,551,3,4,5,6,7,5,5,6,6,7,5,6,6,7,7,6,6,7,7,7
551,552,5,5,5,6,7,3,4,5,6,7,3,4,5,6,7,1,2,3,4,5
552,553,3,4,5,6,7,3,4,5,6,7,3,4,5,6,7,1,2,3,4,5
553,554,2,3,4,5,6,4,5,6,6,7,1,2,3,4,5,5,6,7,7,7
554,555,5,5,5,6,7,5,5,6,6,7,1,2,3,4,5,1,2,3,4,5
555,556,2,3,4,5,6,4,5,6,6,7,5,6,6,7,7,1,2,3,4,5
556,557,2,3,4,5,6,3,4,5,6,7,1,2,3,4,5,3,4,5,6,7
557,558,1,2,3,4,5,2,3,4,5,6,3,4,5,6,7,5,6,7,7,7
558,559,4,5,5,6,7,2,3,4,5,6,5,6,6,7,7,2,3,4,5,6
559,560,2,3,4,5,6,5,5,6,6,7,2,3,4,5,6,3,4,5,6,7
560,561,5,5,5,6,7,3,4,5,6,7,1,2,3,4,5,2,3,4,5,6
561,562,2,3,4,5,6,5,5,6,6,7,4,5,6,7,7,3,4,5,6,7
562,563,4,5,5,6,7,5,5,6,6,7,4,5,6,7,7,6,6,7,7,7
563,564,2,3,4,5,6,1,2,3,4,5,4,5,6,7,7,2,3,4,5,6
564,565,3,4,5,6,7,3,4,5,6,7,4,5,6,7,7,1,2,3,4,5
565,566,1,2,3,4,5,1,2,3,4,5,5,6,6,7,7,1,2,3,4,5
566,567,2,3,4,5,6,2,3,4,5,6,4,5,6,7,7,5,6,7,7,7
567,568,4,5,5,6,7,2,3,4,5,6,4,5,6,7,7,5,6,7,7,7
568,569,2,3,4,5,6,1,2,3,4,5,2,3,4,5,6,6,6,7,7,7
569,570,2,3,4,5,6,3,4,5,6,7,3,4,5,6,7,5,6,7,7,7
570,571,1,2,3,4,5,3,4,5,6,7,2,3,4,5,6,1,2,3,4,5
571,572,3,4,5,6,7,1,2,3,4,5,2,3,4,5,6,5,6,7,7,7
572,573,1,2,3,4,5,3,4,5,6,7,1,2,3,4,5,6,6,7,7,7
573,574,4,5,5,6,7,1,2,3,4,5,1,2,3,4,5,3,4,5,6,7
574,575,5,5,5,6,7,5,5,6,6,7,5,6,6,7,7,3,4,5,6,7
575,576,4,5,5,6,7,5,5,6,6,7,1,2,3,4,5,5,6,7,7,7
576,577,1,2,3,4,5,1,2,3,4,5,5,6,6,7,7,2,3,4,5,6
577,578,3,4,5,6,7,3,4,5,6,7,3,4,5,6,7,4,5,6,7,7
578,579,5,5,5,6,7,4,5,6,6,7,3,4,5,6,7,6,6,7,7,7
579,580,2,3,4,5,6,1,2,3,4,5,5,6,6,7,7,5,6,7,7,7
580,581,4,5,5,6,7,5,5,6,6,7,1,2,3,4,5,4,5,6,7,7
581,582,3,4,5,6,7,2,3,4,5,6,1,2,3,4,5,5,6,7,7,7
582,583,1,2,3,4,5,1,2,3,4,5,2,3,4,5,6,5,6,7,7,7
583,584,3,4,5,6,7,1,2,3,4,5,3,4,5,6,7,4,5,6,7,6
584,585,1,2,3,4,5,3,4,5,6,7,4,5,6,7,7,1,2,3,4,5
585,586,5,5,5,6,7,1,2,3,4,5,1,2,3,4,5,4,5,6,7,7
586,587,4,5,5,6,7,2,3,4,5,6,2,3,4,5,6,4,5,6,7,7
587,588,2,3,4,5,6,3,4,5,6,7,4,5,6,7,7,1,2,3,4,5
588,589,4,5,5,6,7,1,2,3,4,5,3,4,5,6,7,2,3,4,5,6
589,590,3,4,5,6,7,1,2,3,4,5,5,6,6,7,7,2,3,4,5,6
590,591,2,3,4,5,6,5,5,6,6,7,4,5,6,7,7,4,5,6,7,6
591,592,4,5,5,6,7,1,2,3,4,5,5,6,6,7,7,1,2,3,4,5
592,593,2,3,4,5,6,1,2,3,4,5,1,2,3,4,5,1,2,3,4,5
593,594,4,5,5,6,7,1,2,3,4,5,5,6,6,7,7,4,5,6,7,7
594,595,5,5,5,6,7,3,4,5,6,7,3,4,5,6,7,5,6,7,7,7
595,596,2,3,4,5,6,3,4,5,6,7,4,5,6,7,7,2,3,4,5,6
596,597,1,2,3,4,5,4,5,6,6,7,3,4,5,6,7,5,6,7,7,7
597,598,4,5,5,6,7,3,4,5,6,7,5,6,6,7,7,3,4,5,6,7
598,599,4,5,5,6,7,3,4,5,6,7,3,4,5,6,7,4,5,6,7,6
599,600,1,2,3,4,5,2,3,4,5,6,1,2,3,4,5,6,6,7,7,7
600,601,4,5,5,6,7,1,2,3,4,5,2,3,4,5,6,5,6,7,7,7
601,602,4,5,5,6,7,2,3,4,5,6,3,4,5,6,7,3,4,5,6,7
602,603,3,4,5,6,7,5,5,6,6,7,2,3,4,5,6,2,3,4,5,6
603,604,3,4,5,6,7,2,3,4,5,6,4,5,6,7,7,3,4,5,6,7
604,605,5,5,5,6,7,1,2,3,4,5,1,2,3,4,5,5,6,6,7,7
605,606,2,3,4,5,6,5,5,6,6,7,1,2,3,4,5,4,5,6,7,7
606,607,3,4,5,6,7,5,5,6,6,7,3,4,5,6,7,1,2,3,4,5
607,608,5,5,5,6,7,4,5,6,6,7,4,5,6,7,7,2,3,4,5,6
608,609,3,4,5,6,7,3,4,5,6,7,1,2,3,4,5,4,5,6,7,7
609,610,2,3,4,5,6,3,4,5,6,7,3,4,5,6,7,3,4,5,6,7
610,611,3,4,5,6,7,5,5,6,6,7,5,6,6,7,7,6,6,7,7,7
611,612,3,4,5,6,7,4,5,6,6,7,5,6,6,7,7,2,3,4,4,6
612,613,5,5,5,6,7,1,2,3,4,5,3,4,5,6,7,1,2,3,4,5
613,614,2,3,4,5,6,5,5,6,6,7,2,3,4,5,6,1,2,3,4,5
614,615,4,5,5,6,7,1,2,3,4,5,4,5,6,7,7,2,3,4,5,6
615,616,1,2,3,4,5,3,4,5,6,7,5,6,6,7,7,5,6,7,7,7
616,617,2,3,4,5,6,2,3,4,5,6,4,5,6,7,7,5,6,6,7,7
617,618,5,5,5,6,7,2,3,4,5,6,2,3,4,5,6,2,3,4,5,6
618,619,5,5,5,6,7,5,5,6,6,7,3,4,5,6,7,1,2,3,4,5
619,620,2,3,4,5,6,1,2,3,4,5,1,2,3,4,5,4,5,6,7,7
620,621,5,5,5,6,7,4,5,6,6,7,1,2,3,4,5,5,6,7,7,7
621,622,1,2,3,4,5,4,5,6,6,7,1,2,3,4,5,1,2,3,4,5
622,623,5,5,5,6,7,3,4,5,6,7,3,4,5,6,7,5,6,7,7,7
623,624,4,5,5,6,7,2,3,4,5,6,2,3,4,5,6,3,4,5,6,7
624,625,1,2,3,4,5,4,5,6,6,7,5,6,6,7,7,1,2,3,4,5
625,626,1,2,3,4,5,1,2,3,4,5,5,6,6,7,7,2,3,4,5,6
626,627,3,4,5,6,7,1,2,3,4,5,3,4,5,6,7,4,5,6,7,7
627,628,5,5,5,6,7,1,2,3,4,5,1,2,3,4,5,1,2,3,4,5
628,629,3,4,5,6,7,2,3,4,5,6,4,5,6,7,7,2,3,4,5,6
629,630,1,2,3,4,5,1,2,3,4,5,1,2,3,4,5,4,5,6,7,7
630,631,3,4,5,6,7,2,3,4,5,6,4,5,6,7,7,4,5,6,7,7
631,632,4,5,5,6,7,4,5,6,6,7,4,5,6,7,7,5,6,7,7,7
632,633,1,2,3,4,5,5,5,6,6,7,3,4,5,6,7,5,6,7,7,7
633,634,2,3,4,5,6,3,4,5,6,7,3,4,5,6,7,1,2,3,4,5
634,635,4,5,5,6,7,1,2,3,4,5,3,4,5,6,7,2,3,4,5,6
635,636,4,5,5,6,7,5,5,6,6,7,4,5,6,7,7,6,6,7,7,7
636,637,1,2,3,4,5,1,2,3,4,5,2,3,4,5,6,4,5,6,7,7
637,638,5,5,5,6,7,1,2,3,4,5,2,3,4,5,6,1,2,3,4,5
638,639,1,2,3,4,5,3,4,5,6,7,2,3,4,5,6,4,5,6,7,7
639,640,3,4,5,6,7,5,5,6,6,7,4,5,6,7,7,3,4,5,6,7
640,641,1,2,3,4,5,4,5,6,6,7,4,5,6,7,7,3,4,5,6,7
641,642,1,2,3,4,5,3,4,5,6,7,4,5,6,7,7,1,2,3,4,5
642,643,1,2,3,4,5,1,2,3,4,5,3,4,5,6,7,2,3,4,5,6
643,644,5,5,5,6,7,3,4,5,6,7,4,5,6,7,7,3,4,5,6,7
644,645,2,3,4,5,6,4,5,6,6,7,4,5,6,7,7,6,6,7,7,7
645,646,2,3,4,5,6,5,5,6,6,7,5,6,6,7,7,4,5,6,7,7
646,647,5,5,5,6,7,1,2,3,4,5,5,6,6,7,7,4,5,6,7,7
647,648,3,4,5,6,7,4,5,6,6,7,4,5,6,7,7,3,4,5,6,7
648,649,5,5,5,6,7,5,5,6,6,7,5,6,6,7,7,4,5,6,7,7
649,650,2,3,4,5,6,5,5,6,6,7,1,2,3,4,5,4,5,6,7,7
650,651,4,5,5,6,7,3,4,5,6,7,2,3,4,5,6,3,4,5,6,7
651,652,3,4,5,6,7,5,5,6,6,7,4,5,6,7,7,1,2,3,4,5
652,653,5,5,5,6,7,2,3,4,5,6,4,5,6,7,7,2,3,4,5,6
653,654,4,5,5,6,7,3,4,5,6,7,1,2,3,4,5,6,6,7,7,7
654,655,5,5,5,6,7,1,2,3,4,5,5,6,6,7,7,5,6,7,7,7
655,656,5,5,5,6,7,2,3,4,5,6,2,3,4,5,6,3,4,5,6,7
656,657,3,4,5,6,7,2,3,4,5,6,5,6,6,7,7,3,4,5,5,7
657,658,1,2,3,4,5,5,5,6,6,7,2,3,4,5,6,4,5,6,7,6
658,659,5,5,5,6,7,3,4,5,6,7,2,3,4,5,6,5,6,7,7,7
659,660,5,5,5,6,7,2,3,4,5,6,3,4,5,6,7,3,4,5,6,7
660,661,1,2,3,4,5,3,4,5,6,7,2,3,4,5,6,1,2,3,4,5
661,662,1,2,3,4,5,4,5,6,6,7,4,5,6,7,7,4,5,6,7,7
662,663,2,3,4,5,6,2,3,4,5,6,2,3,4,5,6,2,3,4,5,6
663,664,1,2,3,4,5,2,3,4,5,6,1,2,3,4,5,3,4,5,6,7
664,665,3,4,5,6,7,2,3,4,5,6,3,4,5,6,7,2,3,4,5,6
665,666,5,5,5,6,7,4,5,6,6,7,4,5,6,7,7,3,4,5,6,7
666,667,3,4,5,6,7,2,3,4,5,6,1,2,3,4,5,4,5,6,7,7
667,668,3,4,5,6,7,3,4,5,6,7,3,4,5,6,7,6,6,7,7,7
668,669,5,5,5,6,7,5,5,6,6,7,1,2,3,4,5,3,4,5,6,7
669,670,2,3,4,5,6,4,5,6,6,7,4,5,6,7,7,4,5,6,7,7
670,671,3,4,5,6,7,1,2,3,4,5,5,6,6,7,7,3,4,5,6,7
671,672,5,5,5,6,7,2,3,4,5,6,5,6,6,7,7,4,5,6,7,7
672,673,4,5,5,6,7,5,5,6,6,7,4,5,6,7,7,1,2,3,4,5
673,674,1,2,3,4,5,5,5,6,6,7,2,3,4,5,6,4,5,6,7,7
674,675,1,2,3,4,5,1,2,3,4,5,4,5,6,7,7,4,5,6,7,7
675,676,2,3,4,5,6,2,3,4,5,6,3,4,5,6,7,5,6,7,7,7
676,677,2,3,4,5,6,4,5,6,6,7,5,6,6,7,7,6,6,7,7,7
677,678,4,5,5,6,7,3,4,5,6,7,2,3,4,5,6,1,2,3,4,5
678,679,3,4,5,6,7,4,5,6,6,7,5,6,6,7,7,5,6,7,7,7
679,680,2,3,4,5,6,4,5,6,6,7,2,3,4,5,6,5,6,7,7,7
680,681,4,5,5,6,7,2,3,4,5,6,1,2,3,4,5,1,2,3,4,5
681,682,1,2,3,4,5,5,5,6,6,7,5,6,6,7,7,6,6,7,7,7
682,683,2,3,4,5,6,1,2,3,4,5,5,6,6,7,7,1,2,3,4,5
683,684,5,5,5,6,7,3,4,5,6,7,3,4,5,6,7,6,6,7,7,7
684,685,5,5,5,6,7,4,5,6,6,7,4,5,6,7,7,4,5,6,7,7
685,686,1,2,3,4,5,2,3,4,5,6,4,5,6,7,7,3,4,5,6,7
686,687,2,3,4,5,6,3,4,5,6,7,5,6,6,7,7,5,6,6,7,7
687,688,5,5,5,6,7,2,3,4,5,6,1,2,3,4,5,5,6,7,7,7
688,689,1,2,3,4,5,2,3,4,5,6,5,6,6,7,7,5,6,7,7,7
689,690,3,4,5,6,7,3,4,5,6,7,3,4,5,6,7,3,4,5,6,7
690,691,2,3,4,5,6,3,4,5,6,7,3,4,5,6,7,3,4,5,6,7
691,692,2,3,4,5,6,4,5,6,6,7,4,5,6,7,7,2,3,4,5,6
692,693,3,4,5,6,7,1,2,3,4,5,2,3,4,5,6,6,6,7,7,7
693,694,3,4,5,6,7,4,5,6,6,7,4,5,6,7,7,2,3,4,5,6
694,695,2,3,4,5,6,5,5,6,6,7,2,3,4,5,6,3,4,5,6,7
695,696,4,5,5,6,7,2,3,4,5,6,1,2,3,4,5,4,5,6,7,7
696,697,1,2,3,4,5,5,5,6,6,7,3,4,5,6,7,4,5,6,7,7
697,698,1,2,3,4,5,1,2,3,4,5,3,4,5,6,7,5,6,7,7,7
698,699,5,5,5,6,7,2,3,4,5,6,1,2,3,4,5,3,4,5,6,7
699,700,3,4,5,6,7,5,5,6,6,7,3,4,5,6,7,6,6,7,7,7
700,701,4,5,5,6,7,1,2,3,4,5,1,2,3,4,5,5,6,7,7,7
701,702,5,5,5,6,7,5,5,6,6,7,4,5,6,7,7,2,3,4,5,6
702,703,5,5,5,6,7,1,2,3,4,5,5,6,6,7,7,5,6,7,7,7
703,704,3,4,5,6,7,5,5,6,6,7,5,6,6,7,7,5,6,7,7,7
704,705,4,5,5,6,7,3,4,5,6,7,2,3,4,5,6,4,5,6,7,7
705,706,2,3,4,5,6,3,4,5,6,7,5,6,6,7,7,5,6,7,7,7
706,707,5,5,5,6,7,3,4,5,6,7,1,2,3,4,5,5,6,7,7,7
707,708,2,3,4,5,6,2,3,4,5,6,5,6,6,7,7,5,6,7,7,7
708,709,4,5,5,6,7,3,4,5,6,7,2,3,4,5,6,4,5,6,7,7
709,710,3,4,5,6,7,4,5,6,6,7,5,6,6,7,7,2,3,4,5,6
710,711,5,5,5,6,7,2,3,4,5,6,5,6,6,7,7,6,6,7,7,7
711,712,2,3,4,5,6,4,5,6,6,7,3,4,5,6,7,6,6,7,7,7
712,713,1,2,3,4,5,3,4,5,6,7,3,4,5,6,7,5,6,7,7,7
713,714,4,5,5,6,7,3,4,5,6,7,4,5,6,7,7,5,6,7,7,7
714,715,2,3,4,5,6,4,5,6,6,7,3,4,5,6,7,5,6,7,7,7
715,716,1,2,3,4,5,5,5,6,6,7,1,2,3,4,5,4,5,6,7,7
716,717,1,2,3,4,5,4,5,6,6,7,4,5,6,7,7,6,6,7,7,7
717,718,5,5,5,6,7,2,3,4,5,6,4,5,6,7,7,4,5,6,7,7
718,719,4,5,5,6,7,3,4,5,6,7,3,4,5,6,7,4,5,6,7,7
719,720,5,5,5,6,7,4,5,6,6,7,2,3,4,5,6,2,3,4,5,6
720,721,5,5,5,6,7,2,3,4,5,6,2,3,4,5,6,3,4,5,6,7
721,722,3,4,5,6,7,1,2,3,4,5,2,3,4,5,6,5,6,7,7,7
722,723,4,5,5,6,7,5,5,6,6,7,3,4,5,6,7,5,6,7,7,7
723,724,4,5,5,6,7,5,5,6,6,7,5,6,6,7,7,2,3,4,5,6
724,725,4,5,5,6,7,2,3,4,5,6,2,3,4,5,6,3,4,5,6,7
725,726,3,4,5,6,7,5,5,6,6,7,2,3,4,5,6,4,5,6,7,6
726,727,3,4,5,6,7,3,4,5,6,7,2,3,4,5,6,2,3,4,5,6
727,728,4,5,5,6,7,4,5,6,6,7,2,3,4,5,6,6,6,7,7,7
728,729,1,2,3,4,5,4,5,6,6,7,3,4,5,6,7,4,5,6,7,7
729,730,1,2,3,4,5,4,5,6,6,7,1,2,3,4,5,3,4,5,6,7
730,731,4,5,5,6,7,5,5,6,6,7,5,6,6,7,7,4,5,6,7,6
731,732,3,4,5,6,7,3,4,5,6,7,5,6,6,7,7,3,4,5,6,7
732,733,2,3,4,5,6,1,2,3,4,5,3,4,5,6,7,3,4,5,6,7
733,734,2,3,4,5,6,1,2,3,4,5,1,2,3,4,5,4,5,6,7,7
734,735,3,4,5,6,7,5,5,6,6,7,5,6,6,7,7,3,4,5,6,7
735,736,2,3,4,5,6,5,5,6,6,7,4,5,6,7,7,5,6,7,7,7
736,737,1,2,3,4,5,5,5,6,6,7,4,5,6,7,7,3,4,5,6,7
737,738,4,5,5,6,7,1,2,3,4,5,5,6,6,7,7,2,3,4,5,6
738,739,4,5,5,6,7,3,4,5,6,7,2,3,4,5,6,3,4,5,6,7
739,740,3,4,5,6,7,2,3,4,5,6,5,6,6,7,7,4,5,6,7,7
740,741,1,2,3,4,5,1,2,3,4,5,4,5,6,7,7,2,3,4,5,6
741,742,2,3,4,5,6,3,4,5,6,7,2,3,4,5,6,1,2,3,4,5
742,743,2,3,4,5,6,2,3,4,5,6,4,5,6,7,7,3,4,5,6,7
743,744,2,3,4,5,6,5,5,6,6,7,5,6,6,7,7,3,4,5,6,7
744,745,4,5,5,6,7,3,4,5,6,7,1,2,3,4,5,4,5,6,7,7
745,746,4,5,5,6,7,1,2,3,4,5,2,3,4,5,6,4,4,5,6,7
746,747,2,3,4,5,6,4,5,6,6,7,2,3,4,5,6,3,4,5,6,7
747,748,3,4,5,6,7,4,5,6,6,7,2,3,4,5,6,1,2,3,4,5
748,749,5,5,5,6,7,5,5,6,6,7,4,5,6,7,7,6,6,7,7,7
749,750,1,2,3,4,5,4,5,6,6,7,2,3,4,5,6,4,5,6,7,7
750,751,5,5,5,5,6,1,1,2,3,4,2,2,3,3,4,2,3,3,3,3
751,752,2,2,3,3,3,2,3,4,4,5,3,3,4,5,6,4,4,4,4,4
752,753,1,1,1,2,2,2,2,2,3,4,3,4,5,6,6,1,1,2,2,3
753,754,2,3,4,5,6,4,5,5,6,7,4,4,4,5,5,1,2,2,2,2
754,755,4,4,5,6,6,3,4,5,5,5,4,4,5,5,6,5,6,7,7,7
755,756,3,4,5,6,6,5,5,5,6,6,5,5,5,6,7,1,2,3,3,3
756,757,2,2,2,3,3,3,3,3,3,4,4,4,4,4,4,2,3,4,5,6
757,758,4,5,5,6,6,3,3,4,5,5,1,2,2,3,4,1,1,1,1,2
758,759,2,3,4,5,6,5,5,6,6,6,1,2,2,3,3,6,6,6,6,6
759,760,4,4,5,6,6,3,3,3,3,3,2,3,3,4,4,5,6,6,7,7
760,761,3,3,4,4,5,5,5,6,6,7,4,4,5,5,5,4,5,6,7,6
761,762,5,5,5,5,5,2,2,3,4,5,3,4,5,5,6,3,3,4,4,5
762,763,3,4,4,5,5,2,2,3,4,5,2,3,3,4,4,6,6,6,6,6
763,764,4,4,5,5,5,5,5,6,6,7,3,3,4,4,4,1,1,1,2,2
764,765,2,3,3,3,4,2,3,4,4,4,4,4,5,5,6,2,2,2,3,4
765,766,2,2,2,2,2,3,4,4,4,4,3,3,4,4,4,2,3,4,4,4
766,767,4,5,5,5,5,4,4,4,4,5,4,5,6,6,7,4,5,6,7,7
767,768,3,3,4,5,6,4,5,5,5,5,5,5,5,6,6,5,5,6,6,6
768,769,4,5,5,5,5,5,5,5,5,5,3,3,3,3,3,4,5,6,6,7
769,770,4,5,5,5,7,1,2,2,2,3,3,3,4,4,4,4,5,6,7,7
770,771,2,3,3,3,4,4,4,4,5,6,2,3,3,4,5,6,5,6,6,7
771,772,3,4,5,5,6,4,4,4,5,5,2,2,3,4,5,4,5,5,6,6
772,773,4,4,4,4,4,3,4,5,5,5,2,2,3,4,5,1,1,2,2,4
773,774,3,3,4,5,6,3,4,4,4,5,3,4,4,5,5,2,2,2,3,4
774,775,2,2,2,3,4,1,1,2,3,3,3,3,3,4,4,1,1,1,2,3
775,776,5,5,5,6,6,3,4,5,6,7,1,2,3,4,4,5,5,6,6,6
776,777,4,4,4,4,5,3,4,5,6,6,1,2,3,3,3,5,5,6,6,7
777,778,4,4,5,5,6,1,2,3,3,3,3,4,4,4,4,6,6,5,6,6
778,779,3,3,3,4,5,4,4,4,5,5,5,6,6,7,7,1,1,1,1,2
779,780,1,2,3,4,5,4,5,6,6,7,4,4,5,5,5,3,5,5,6,7
780,781,5,5,5,6,7,2,2,2,3,3,4,4,4,5,6,4,6,6,6,7
781,782,2,2,3,4,4,5,5,5,5,6,2,3,3,4,5,2,4,4,4,5
782,783,2,2,3,3,3,3,3,3,3,4,1,2,2,3,4,2,2,3,4,5
783,784,1,1,1,2,3,4,4,4,5,5,3,4,4,4,4,4,5,6,7,7
784,785,1,2,3,3,4,5,5,6,6,6,1,2,3,4,5,2,2,3,3,4
785,786,4,4,5,6,6,5,5,5,5,7,2,3,3,3,4,2,2,3,3,3
786,787,4,5,5,6,6,2,2,2,3,3,1,2,2,2,2,1,1,2,3,3
787,788,5,5,5,5,5,2,3,4,4,5,4,4,4,5,5,5,6,7,7,7
788,789,3,3,4,5,5,2,3,3,4,4,4,5,5,6,7,3,4,4,4,4
789,790,1,2,3,4,4,2,2,2,3,3,3,4,4,5,5,2,2,2,3,4
790,791,4,5,5,6,7,3,3,4,4,4,4,4,4,5,5,4,4,5,5,4
791,792,5,5,5,5,5,3,3,3,3,4,1,1,1,2,3,2,3,3,4,4
792,793,4,5,5,6,6,2,3,3,4,5,3,4,5,6,7,5,5,5,6,7
793,794,3,4,4,5,6,4,5,6,6,6,1,1,2,2,3,3,3,4,4,6
794,795,3,3,4,5,5,4,5,6,6,7,5,5,6,7,7,3,4,4,4,5
795,796,1,1,2,2,2,1,1,2,2,2,1,2,2,2,3,5,5,6,6,6
796,797,3,3,3,3,3,2,2,3,3,4,5,6,6,7,7,1,1,1,2,2
797,798,4,5,5,5,7,5,5,5,5,6,3,4,4,4,4,6,6,7,7,7
798,799,2,2,2,2,2,2,3,3,3,3,4,4,4,4,4,3,4,5,5,5
799,800,5,5,5,6,7,3,4,5,6,7,3,3,3,3,4,5,6,7,7,7
800,801,3,3,4,5,5,2,3,4,4,4,3,3,4,5,5,2,3,4,4,5
801,802,5,5,5,6,7,5,5,5,5,5,4,5,5,6,6,4,4,5,5,6
802,803,5,5,5,6,7,3,3,4,4,4,4,4,5,5,6,6,6,7,7,7
803,804,4,4,4,4,5,3,4,5,5,5,4,4,4,4,4,2,3,3,4,4
804,805,5,5,5,5,5,2,2,2,2,3,2,2,3,3,4,1,2,3,4,5
805,806,2,3,3,3,3,4,4,5,6,7,5,6,6,7,7,1,1,1,2,2
806,807,4,5,5,6,6,3,4,4,4,4,4,5,6,6,7,4,6,6,6,6
807,808,1,1,2,2,2,1,1,2,2,2,3,4,4,5,6,3,3,3,4,5
808,809,3,3,3,4,4,4,5,5,5,6,3,4,5,6,6,1,1,1,1,2
809,810,4,5,5,5,5,3,4,5,6,7,1,1,1,2,2,4,5,6,7,7
810,811,4,4,5,5,6,1,2,3,3,4,3,4,5,6,7,3,4,5,5,6
811,812,3,4,4,5,6,3,4,4,4,4,1,1,2,3,4,5,6,7,7,7
812,813,3,4,5,5,5,1,2,2,3,3,4,4,5,5,6,1,2,2,2,2
813,814,1,1,2,3,3,4,4,4,4,5,5,5,6,6,7,4,5,6,6,6
814,815,1,1,1,1,1,5,5,6,6,7,2,2,2,2,2,3,3,3,4,3
815,816,1,2,2,2,3,4,4,4,4,4,1,1,2,2,2,5,6,7,7,7
816,817,3,3,3,3,4,3,3,4,4,4,5,5,6,6,6,4,4,5,6,6
817,818,4,5,5,5,5,2,2,2,3,3,5,6,6,7,7,1,1,2,2,2
818,819,4,5,5,6,7,4,4,5,5,6,2,3,4,5,6,6,6,6,6,6
819,820,4,4,4,5,6,3,4,4,5,5,4,4,4,4,4,1,2,3,3,4
820,821,1,1,2,3,4,5,5,6,6,7,4,4,5,5,6,1,1,2,3,3
821,822,5,5,5,5,7,5,5,6,6,7,5,6,6,7,7,6,5,6,7,7
822,823,5,5,5,6,7,4,4,5,5,6,5,5,6,6,7,5,6,6,7,7
823,824,3,4,4,5,5,3,4,4,5,6,1,2,3,4,5,3,3,4,4,5
824,825,3,4,5,6,6,5,5,5,5,5,1,1,2,2,2,1,1,2,3,3
825,826,2,2,3,3,4,4,4,5,5,6,4,5,6,7,7,5,4,6,5,6
826,827,4,4,4,4,5,4,5,5,6,7,5,5,5,5,5,6,6,7,7,7
827,828,5,5,5,6,6,3,4,4,4,5,5,6,6,6,6,3,4,4,5,6
828,829,5,5,5,5,7,4,5,6,6,7,1,2,2,2,3,2,3,4,4,6
829,830,2,2,3,4,5,2,3,3,4,4,3,4,4,5,6,5,5,6,6,6
830,831,5,5,5,5,6,5,5,5,5,5,3,4,4,5,6,6,6,6,6,6
831,832,3,4,4,5,6,1,1,2,2,2,1,1,1,2,2,4,5,5,6,6
832,833,2,2,2,3,4,5,5,6,6,6,4,5,5,5,6,5,5,6,7,7
833,834,4,5,5,5,5,1,1,2,2,2,4,5,6,7,7,1,2,2,2,2
834,835,1,1,1,1,1,2,2,3,4,4,5,5,6,6,7,2,3,4,4,5
835,836,1,1,1,2,2,5,5,6,6,7,3,4,5,6,7,3,4,4,4,5
836,837,2,2,3,3,4,5,5,5,5,5,5,6,6,6,6,1,2,3,4,5
837,838,3,3,4,5,6,3,4,4,5,5,2,3,3,3,3,3,3,3,3,3
838,839,3,4,5,5,5,1,1,2,3,3,5,6,6,6,7,2,3,4,5,5
839,840,3,3,3,4,5,1,1,1,2,3,5,5,5,5,5,1,1,2,2,2
840,841,2,2,3,3,3,2,2,2,2,3,3,4,5,6,6,6,6,7,7,7
841,842,4,4,4,5,6,1,1,1,1,2,3,4,4,4,5,2,3,3,4,4
842,843,5,5,5,5,7,1,1,2,3,3,3,4,5,6,6,2,3,3,4,5
843,844,5,5,5,6,6,4,5,5,6,7,5,6,6,7,7,6,6,6,6,7
844,845,2,3,3,4,5,5,5,5,5,5,2,3,4,4,5,6,6,7,7,7
845,846,3,4,5,5,6,2,3,4,5,6,4,5,5,6,6,1,2,3,3,3
846,847,3,3,4,4,4,5,5,6,6,7,1,2,3,3,3,4,5,6,6,7
847,848,5,5,5,5,6,4,5,5,6,6,3,4,5,5,5,6,6,7,7,7
848,849,1,2,2,3,4,5,5,6,6,6,2,3,3,4,5,2,3,4,5,6
849,850,1,2,2,3,4,1,2,2,3,3,2,2,3,4,4,1,2,3,4,4
850,851,5,5,5,6,7,5,5,6,6,7,3,3,4,5,6,1,1,1,1,1
851,852,2,3,3,3,4,5,5,5,5,5,1,2,2,3,3,2,3,3,4,5
852,853,3,4,4,5,6,3,4,5,5,5,5,5,5,5,5,6,6,7,7,7
853,854,4,4,4,5,5,3,3,3,3,4,5,6,6,6,6,5,5,5,6,6
854,855,1,2,3,4,4,3,4,5,5,5,2,2,3,3,3,2,2,2,3,4
855,856,2,3,3,3,3,2,3,4,4,5,2,2,2,3,4,3,4,5,6,6
856,857,5,5,5,6,7,2,2,2,2,2,1,1,1,1,1,5,6,7,7,7
857,858,4,4,5,5,5,3,4,4,4,4,3,4,4,5,5,1,2,2,3,3
858,859,3,3,3,4,5,1,2,3,4,4,5,5,5,6,6,1,2,3,4,5
859,860,4,4,5,5,6,5,5,5,5,5,4,5,5,5,6,4,5,6,6,6
860,861,3,4,4,4,4,3,4,4,5,5,1,1,2,3,3,6,6,7,7,7
861,862,2,2,3,4,4,4,4,4,4,5,4,4,5,6,6,2,2,3,4,3
862,863,1,1,1,1,2,2,3,4,5,6,3,4,4,5,5,5,6,6,7,7
863,864,2,3,4,5,5,1,1,1,1,2,1,2,3,3,4,1,2,2,3,4
864,865,5,5,5,5,5,1,1,1,2,3,5,6,6,7,7,1,2,3,3,4
865,866,2,2,3,4,5,3,3,3,3,4,5,5,6,7,7,6,6,7,7,7
866,867,3,3,4,5,6,3,4,4,5,6,5,5,5,5,5,4,5,6,7,7
867,868,5,5,5,5,5,1,2,3,3,3,3,4,5,5,6,3,4,5,6,6
868,869,5,5,5,6,6,5,5,5,6,7,4,4,4,4,5,4,3,4,5,6
869,870,1,1,1,2,3,4,4,5,5,6,3,3,3,4,5,4,4,5,6,7
870,871,5,5,5,5,5,3,3,3,4,4,1,1,1,2,2,3,3,3,4,5
871,872,4,5,5,6,6,4,4,4,5,5,3,3,4,4,5,5,5,6,7,7
872,873,2,2,2,2,3,3,3,4,4,5,2,2,2,3,4,5,6,6,7,7
873,874,3,3,3,4,4,1,2,2,3,3,4,4,4,4,4,4,5,6,7,6
874,875,5,5,5,5,6,4,5,6,6,6,5,6,6,6,6,6,6,6,6,6
875,876,4,4,5,6,6,1,2,2,3,4,5,5,6,7,7,1,1,1,1,1
876,877,2,2,2,3,3,3,3,4,4,4,2,2,3,4,5,2,3,4,5,5
877,878,2,2,2,3,3,4,4,5,5,5,1,2,3,4,5,2,3,3,4,5
878,879,4,4,5,5,6,5,5,6,6,6,5,6,6,7,7,3,4,4,5,5
879,880,3,3,4,4,4,5,5,6,6,6,2,3,3,3,4,2,2,3,3,4
880,881,3,3,4,5,6,3,4,4,5,6,3,4,5,5,6,6,6,6,6,7
881,882,2,2,2,3,3,5,5,6,6,6,4,5,6,6,7,2,3,3,3,4
882,883,1,1,2,2,3,3,3,4,5,6,5,6,6,7,7,2,3,3,4,5
883,884,4,4,4,5,5,1,2,3,3,4,3,3,4,5,5,4,4,5,6,7
884,885,3,3,3,3,3,1,1,2,3,3,2,2,3,3,3,5,6,6,7,7
885,886,1,2,3,4,5,3,4,5,6,6,5,5,5,6,7,6,6,7,7,7
886,887,2,2,2,2,3,5,5,6,6,7,1,1,2,3,3,3,3,4,3,6
887,888,2,3,3,3,4,4,4,5,5,6,5,6,6,6,6,2,3,4,5,5
888,889,2,2,3,4,5,3,4,4,4,5,5,5,6,7,7,4,4,4,4,5
889,890,2,3,4,4,4,1,1,1,2,3,2,3,4,5,5,5,5,6,6,6
890,891,3,3,3,3,3,3,3,3,3,3,5,6,6,7,7,4,5,5,6,6
891,892,3,3,4,4,4,5,5,5,5,5,5,6,6,6,7,3,5,5,5,5
892,893,1,1,2,2,3,4,4,5,6,6,4,5,6,7,7,2,3,3,4,4
893,894,5,5,5,6,6,3,4,5,5,5,3,3,4,5,5,2,3,4,5,6
894,895,5,5,5,6,6,3,4,4,4,5,1,1,2,2,2,5,6,6,6,6
895,896,5,5,5,6,6,2,3,4,4,5,1,1,1,1,1,2,2,2,2,3
896,897,4,4,4,5,5,1,1,1,2,2,3,3,4,4,4,5,5,6,7,7
897,898,4,5,5,6,6,5,5,6,6,7,5,6,6,7,7,4,5,6,6,7
898,899,5,5,5,6,7,2,2,2,3,4,2,3,3,3,4,6,6,7,7,7
899,900,5,5,5,5,5,4,5,5,5,6,4,5,5,5,5,6,6,7,7,7
900,901,2,3,4,4,5,4,5,5,6,7,3,4,4,4,5,1,2,3,3,4
901,902,3,4,5,6,7,5,5,5,5,5,1,1,1,1,1,1,3,3,4,4
902,903,4,5,5,5,5,4,5,5,6,7,4,4,4,5,5,1,1,1,1,1
903,904,3,3,4,4,5,2,2,3,4,5,2,2,3,3,3,5,6,7,7,7
904,905,1,2,3,3,3,3,3,3,4,5,1,1,1,2,2,2,2,2,2,2
905,906,1,1,1,1,2,5,5,6,6,7,3,4,5,5,5,5,5,5,6,6
906,907,4,4,4,4,5,3,3,3,4,4,2,3,4,5,6,5,6,7,7,7
907,908,1,1,1,1,2,2,2,2,3,3,3,4,4,5,5,4,5,6,7,7
908,909,3,3,3,4,5,5,5,6,6,7,5,6,6,6,6,3,4,5,5,6
909,910,3,4,5,6,7,2,3,4,5,5,3,3,3,3,4,6,6,7,7,7
910,911,1,2,3,4,4,1,1,2,2,3,5,5,5,5,6,5,6,7,7,7
911,912,5,5,5,6,6,3,4,5,5,5,5,5,6,7,7,5,6,6,7,7
912,913,1,2,2,2,3,3,4,4,5,5,2,2,3,4,4,5,5,6,7,7
913,914,5,5,5,6,7,2,2,3,4,4,5,5,6,6,7,2,3,3,4,4
914,915,3,3,3,3,3,1,1,1,1,1,5,5,5,6,6,5,4,5,6,6
915,916,3,3,4,5,6,1,2,3,4,5,1,2,3,3,3,2,2,3,4,5
916,917,2,2,3,3,3,2,2,2,3,4,5,6,6,7,7,2,2,4,4,5
917,918,5,5,5,5,5,1,2,2,2,2,2,3,3,4,5,2,3,3,4,4
918,919,1,1,1,2,2,4,4,5,6,7,3,3,4,4,4,1,1,2,3,3
919,920,4,4,4,4,4,4,5,5,6,6,4,4,4,4,4,1,1,2,2,3
920,921,5,5,5,5,5,3,4,4,5,6,4,4,5,6,6,1,1,2,2,3
921,922,4,4,5,6,6,2,2,3,4,4,2,3,4,4,4,3,3,3,3,3
922,923,5,5,5,5,6,3,3,3,3,4,2,3,4,5,6,2,3,3,4,4
923,924,3,3,4,4,4,1,2,3,3,4,2,3,3,3,4,5,6,6,6,7
924,925,2,2,2,3,3,2,2,3,4,4,5,6,6,6,7,5,6,6,7,7
925,926,3,3,3,3,3,1,2,3,4,4,1,2,2,2,2,4,6,6,6,7
926,927,1,1,1,1,1,1,2,2,3,3,5,5,6,7,7,1,1,1,1,2
927,928,4,4,4,4,4,4,4,4,4,4,2,3,4,4,5,1,2,3,3,4
928,929,2,3,4,5,5,5,5,6,6,7,3,4,4,5,6,6,6,6,6,6
929,930,3,4,4,4,4,1,2,3,3,4,3,4,5,5,5,4,4,5,6,6
930,931,2,3,3,3,3,4,5,5,5,5,1,1,1,1,1,1,3,3,4,5
931,932,3,3,4,5,5,3,4,4,4,4,2,2,3,4,4,4,4,4,5,6
932,933,4,5,5,5,6,1,2,2,3,3,3,4,4,5,6,1,2,2,3,4
933,934,4,5,5,6,7,5,5,5,5,5,4,5,5,5,5,4,5,6,6,7
934,935,5,5,5,5,5,2,3,3,4,5,4,5,5,5,5,4,4,5,6,7
935,936,3,4,4,5,6,4,5,6,6,7,3,4,4,4,5,6,6,7,7,7
936,937,5,5,5,5,6,3,3,4,5,5,4,4,5,5,5,3,3,4,4,4
937,938,4,4,5,5,5,2,2,3,3,4,5,5,6,7,7,3,4,5,5,6
938,939,5,5,5,5,7,3,3,4,5,5,5,6,6,7,7,3,3,4,4,5
939,940,5,5,5,6,6,3,4,4,4,5,5,5,5,6,6,4,5,5,5,5
940,941,2,3,3,3,3,2,3,4,5,6,4,4,5,5,5,1,2,2,2,3
941,942,3,3,3,4,5,3,4,5,6,7,4,5,6,7,7,1,1,1,2,2
942,943,2,3,4,4,4,1,2,2,3,3,2,2,3,3,4,3,4,4,4,5
943,944,3,3,3,4,5,4,5,6,6,7,5,6,6,6,6,3,3,4,5,6
944,945,4,5,5,6,7,5,5,6,6,7,5,5,5,6,6,5,6,6,6,6
945,946,5,5,5,6,7,5,5,6,6,6,4,4,4,5,5,4,5,5,6,6
946,947,1,2,3,4,4,5,5,5,5,6,2,3,3,3,3,3,3,4,4,5
947,948,2,2,2,2,3,1,1,1,2,2,2,2,2,3,4,2,2,3,4,5
948,949,3,4,4,4,5,5,5,5,5,5,2,3,4,5,5,2,2,3,3,4
949,950,2,2,3,3,4,4,4,4,4,4,5,6,6,7,7,1,1,1,2,2
950,951,4,5,5,6,6,2,3,3,3,4,3,4,4,5,6,3,3,4,5,5
951,952,5,5,5,5,5,3,3,4,4,4,1,2,2,2,3,3,4,5,6,6
952,953,3,4,4,4,5,2,3,3,4,5,4,4,4,4,4,2,3,4,5,6
953,954,1,1,2,3,3,3,4,5,5,6,2,3,4,5,6,6,6,7,7,7
954,955,2,3,3,4,5,5,5,6,6,6,3,3,3,3,4,4,5,5,6,7
955,956,3,4,5,5,5,1,1,1,2,3,1,1,2,3,3,2,2,3,4,5
956,957,2,2,2,3,4,5,5,5,5,5,1,1,1,2,2,4,6,6,6,6
957,958,1,2,3,4,5,3,4,4,5,5,2,3,4,5,5,2,2,2,3,3
958,959,2,2,2,2,3,4,5,5,5,5,5,6,6,7,7,5,6,7,7,7
959,960,5,5,5,6,6,3,3,3,3,3,4,5,5,5,6,3,4,4,4,5
960,961,3,4,5,6,6,3,4,5,6,7,1,2,3,4,4,6,6,6,6,6
961,962,4,5,5,5,5,1,1,2,3,3,5,5,6,6,6,1,3,3,4,4
962,963,5,5,5,5,5,1,1,2,3,3,5,6,6,6,6,1,1,1,1,1
963,964,5,5,5,6,7,3,4,4,5,6,2,3,3,4,4,5,5,5,5,6
964,965,3,3,3,3,3,2,3,4,5,5,5,6,6,7,7,4,5,5,5,6
965,966,4,4,4,5,5,2,2,2,2,3,4,4,4,4,4,3,3,4,5,6
966,967,2,3,3,3,3,4,5,6,6,6,4,4,4,5,6,3,2,3,3,4
967,968,4,5,5,5,5,3,4,5,6,7,1,1,1,1,1,1,2,3,3,3
968,969,4,4,4,5,5,1,1,1,1,2,1,1,2,3,3,1,3,3,4,4
969,970,1,2,2,2,3,1,2,2,2,3,5,5,5,5,6,1,2,2,3,4
970,971,2,2,3,4,5,5,5,6,6,7,2,2,2,3,3,5,6,6,6,7
971,972,5,5,5,5,7,2,3,3,4,5,4,4,5,6,6,1,2,2,3,3
972,973,1,1,1,1,2,2,3,3,3,3,4,4,4,4,5,1,2,3,3,4
973,974,1,1,2,2,3,2,3,3,3,3,3,3,4,4,4,4,4,5,5,5
974,975,5,5,5,6,6,4,4,5,5,5,3,3,3,3,4,1,3,3,4,5
975,976,5,5,5,6,6,1,2,3,4,5,3,4,4,5,5,5,4,5,6,6
976,977,4,5,5,6,6,3,3,4,4,5,1,1,2,3,4,6,6,7,7,7
977,978,5,5,5,5,5,1,2,3,4,4,1,2,3,4,4,2,3,3,4,4
978,979,4,5,5,5,7,2,3,3,4,5,5,5,5,5,5,6,6,6,6,6
979,980,2,3,4,5,5,5,5,5,5,5,5,6,6,6,6,1,1,2,3,4
980,981,5,5,5,5,5,1,1,2,3,3,4,5,5,5,6,4,4,5,6,7
981,982,3,4,4,5,5,1,2,3,3,3,3,3,4,5,6,6,6,7,7,7
982,983,3,3,4,4,5,3,3,4,4,5,1,2,3,3,4,1,1,2,2,2
983,984,2,3,3,3,4,4,4,5,5,6,4,4,5,6,6,3,3,4,4,4
984,985,1,1,1,2,3,1,1,2,3,3,3,3,3,4,4,2,3,3,3,4
985,986,5,5,5,6,6,2,3,4,5,5,5,6,6,6,6,4,5,6,7,7
986,987,3,3,4,5,5,3,4,5,5,5,3,4,4,4,4,2,2,3,3,4
987,988,2,2,3,4,4,5,5,5,5,5,3,4,5,6,6,3,3,3,3,4
988,989,3,4,5,5,6,3,3,3,4,4,5,6,6,7,7,1,1,2,3,3
989,990,5,5,5,6,7,5,5,6,6,7,3,4,4,5,5,4,5,5,5,5
990,991,5,5,5,5,5,4,4,5,5,6,4,5,5,6,7,5,6,6,6,7
991,992,2,3,4,5,5,4,5,6,6,6,3,3,3,3,3,1,1,2,3,4
992,993,3,3,3,4,5,4,4,4,4,5,3,4,4,4,4,6,6,6,6,6
993,994,1,1,2,2,2,4,5,6,6,6,3,4,4,5,6,1,2,3,4,5
994,995,4,4,5,5,6,4,5,6,6,7,3,3,4,5,5,4,4,4,5,6
995,996,2,3,4,5,5,1,2,3,3,3,5,6,6,6,6,6,6,6,7,7
996,997,5,5,5,5,7,2,2,3,4,5,1,1,2,2,3,5,5,5,6,7
997,998,1,1,1,2,3,4,4,4,5,5,4,4,4,5,5,4,5,5,5,5
998,999,1,1,2,2,3,1,1,2,2,2,5,6,6,7,7,3,3,3,4,5
999,1000,2,2,2,2,3,2,2,3,4,4,1,2,2,2,3,1,1,2,2,2
