,students,M1,T1,W1,TH1,F1,M2,T2,W2,TH2,F2,M3,T3,W3,TH3,F3,M4,T4,W4,TH4,F4,0,1,2,3,4
0,1,4,5,5,6,7,1,2,3,4,5,3,4,5,6,7,4,5,6,7,7,6,5,4,3,3
1,2,1,2,3,4,5,5,5,6,6,7,3,4,5,6,7,6,6,7,7,7,6,5,4,3,3
2,3,3,4,5,6,7,2,3,4,5,6,5,6,6,7,7,2,3,4,5,6,5,4,4,3,3
3,4,1,2,3,4,5,1,2,3,4,5,1,2,3,4,5,4,5,6,7,7,6,5,4,2,2
4,5,2,3,4,5,6,5,5,6,6,7,5,6,6,7,7,4,5,6,7,7,6,5,5,3,3
5,6,5,5,5,6,7,3,4,5,6,7,1,2,3,4,5,1,2,3,4,5,4,4,3,2,2
6,7,5,5,5,6,7,5,5,6,6,7,2,3,4,5,6,1,2,3,4,5,4,4,4,2,3
7,8,3,4,5,6,7,5,5,6,6,7,4,5,6,7,7,3,4,5,6,7,6,5,5,4,3
8,9,5,5,5,6,7,3,4,5,6,7,5,6,6,7,7,5,6,7,7,7,5,5,4,3,3
9,10,5,5,5,6,7,5,5,6,6,7,5,6,6,7,7,1,2,3,4,5,4,4,4,3,3
10,11,1,2,3,4,5,1,2,3,4,5,5,6,6,7,7,2,3,4,5,6,5,4,4,3,3
11,12,1,2,3,4,5,3,4,5,6,7,5,6,6,7,7,2,3,4,5,6,5,5,5,4,4
12,13,1,2,3,4,5,3,4,5,6,7,2,3,4,5,6,2,3,4,5,6,5,5,4,3,3
13,14,4,5,5,6,7,5,5,6,6,7,2,3,4,5,6,1,2,3,4,5,4,4,4,2,3
14,15,5,5,5,6,7,3,4,5,6,7,5,6,6,7,7,3,4,5,6,7,6,5,5,4,4
15,16,4,5,5,6,7,1,2,3,4,5,3,4,5,6,7,3,4,5,6,7,6,5,4,3,3
16,17,2,3,4,5,6,4,5,6,6,7,4,5,6,7,7,4,5,6,7,6,5,4,4,3,3
17,18,1,2,3,4,5,5,5,6,6,7,2,3,4,5,6,4,5,6,7,7,6,5,4,3,3
18,19,4,5,5,6,7,2,3,4,5,6,3,4,5,6,7,5,6,7,7,7,5,4,4,3,2
19,20,1,2,3,4,5,4,5,6,6,7,3,4,5,6,7,1,2,3,4,5,4,4,4,3,3
20,21,5,5,5,6,7,4,5,6,6,7,3,4,5,6,7,6,6,7,7,7,6,5,4,3,3
21,22,2,3,4,5,6,5,5,6,6,7,3,4,5,6,7,3,4,5,6,7,6,5,5,3,3
22,23,1,2,3,4,5,1,2,3,4,5,5,6,6,7,7,5,6,7,7,7,5,4,4,3,3
23,24,1,2,3,4,5,4,5,6,6,7,2,3,4,5,6,1,2,3,4,5,4,4,4,3,3
24,25,2,3,4,5,6,2,3,4,5,6,4,5,6,7,7,4,5,6,7,7,6,5,4,3,3
25,26,3,4,5,6,7,2,3,4,5,6,5,6,6,7,7,5,6,7,7,7,5,5,4,3,3
26,27,2,3,4,5,6,2,3,4,5,6,4,5,6,7,7,4,5,6,7,7,6,5,4,3,3
27,28,5,5,5,6,7,2,3,4,5,6,1,2,3,4,5,1,2,3,4,5,4,4,3,2,2
28,29,5,5,5,6,7,4,5,6,6,7,5,6,6,7,7,4,5,6,7,7,6,5,4,3,3
29,30,4,5,5,6,7,1,2,3,4,5,2,3,4,5,6,1,2,3,4,5,4,3,3,2,2
30,31,1,2,3,4,5,1,2,3,4,5,4,5,6,7,7,1,2,3,4,5,4,4,4,3,3
31,32,2,3,4,5,6,2,3,4,5,6,5,6,6,7,7,4,5,6,7,7,6,5,4,3,3
32,33,4,5,5,6,7,1,2,3,4,5,3,4,5,6,7,4,5,6,7,7,6,5,4,3,3
33,34,4,5,5,6,7,2,3,4,5,6,4,5,6,7,7,6,6,7,7,7,6,5,4,3,3
34,35,5,5,5,6,7,2,3,4,5,6,1,2,3,4,5,3,4,5,6,7,6,5,4,3,2
35,36,4,5,5,6,7,3,4,5,6,7,3,4,5,6,7,4,5,6,7,7,6,5,4,3,3
36,37,2,3,4,5,6,4,5,6,6,7,5,6,6,7,7,3,4,5,6,7,6,5,5,4,4
37,38,4,5,5,6,7,4,5,6,6,7,3,4,5,6,7,3,4,5,6,7,6,5,5,3,3
38,39,5,5,5,6,7,5,5,6,6,7,4,5,6,7,7,2,3,4,5,6,5,5,4,3,3
39,40,4,5,5,6,7,4,5,6,6,7,3,4,5,6,7,3,4,5,6,7,6,5,5,3,3
40,41,5,5,5,6,7,1,2,3,4,5,2,3,4,5,6,4,5,6,7,7,6,5,4,2,2
41,42,1,2,3,4,5,4,5,6,6,7,1,2,3,4,5,4,5,6,7,7,6,5,4,3,2
42,43,1,2,3,4,5,2,3,4,5,6,2,3,4,5,6,1,2,3,4,5,4,4,4,2,3
43,44,1,2,3,4,5,3,4,5,6,7,4,5,6,7,7,2,3,4,5,6,5,5,5,3,3
44,45,3,4,5,6,7,1,2,3,4,5,2,3,4,5,6,2,3,4,5,6,5,4,4,2,2
45,46,5,5,5,6,7,3,4,5,6,7,5,6,6,7,7,6,6,7,7,7,6,5,4,3,3
46,47,1,2,3,4,5,4,5,6,6,7,1,2,3,4,5,6,6,7,7,7,6,5,4,3,2
47,48,1,2,3,4,5,5,5,6,6,7,1,2,3,4,5,3,4,5,6,7,6,6,5,3,3
48,49,4,5,5,6,7,5,5,6,6,7,3,4,5,6,7,3,4,5,6,7,6,5,5,3,3
49,50,5,5,5,6,7,5,5,6,6,7,3,4,5,6,7,2,3,4,5,6,5,5,4,3,3
50,51,5,5,5,6,7,1,2,3,4,5,3,4,5,6,7,2,3,4,5,6,5,4,4,3,3
51,52,1,2,3,4,5,2,3,4,5,6,4,5,6,7,7,4,5,6,7,6,5,4,3,3,3
52,53,4,5,5,6,7,4,5,6,6,7,5,6,6,7,7,1,2,3,4,5,4,4,4,3,3
53,54,1,2,3,4,5,2,3,4,5,6,3,4,5,6,7,5,6,7,7,7,5,5,4,3,3
54,55,5,5,5,6,7,3,4,5,6,7,2,3,4,5,6,4,5,6,7,7,6,5,4,3,3
55,56,5,5,5,6,7,4,5,6,6,7,5,6,6,7,7,4,5,6,7,7,6,5,4,3,3
56,57,4,5,5,6,7,1,2,3,4,5,4,5,6,7,7,2,3,4,5,6,5,4,4,3,3
57,58,1,2,3,4,5,1,2,3,4,5,4,5,6,7,7,6,6,7,7,7,5,5,4,3,3
58,59,1,2,3,4,5,3,4,5,6,7,2,3,4,5,6,5,6,7,7,7,6,5,4,3,2
59,60,3,4,5,6,7,4,5,6,6,7,1,2,3,4,5,6,6,7,7,7,6,5,4,2,2
60,61,3,4,5,6,7,1,2,3,4,5,4,5,6,7,7,5,6,6,7,7,6,5,4,3,3
61,62,3,4,5,6,7,5,5,6,6,7,1,2,3,4,5,3,4,5,6,7,6,5,4,3,3
62,63,3,4,5,6,7,2,3,4,5,6,3,4,5,6,7,3,4,5,6,7,6,5,4,3,3
63,64,4,5,5,6,7,5,5,6,6,7,5,6,6,7,7,6,6,7,7,7,6,5,4,3,3
64,65,4,5,5,6,7,4,5,6,6,7,5,6,6,7,7,6,6,7,7,7,6,5,4,3,3
65,66,4,5,5,6,7,3,4,5,6,7,1,2,3,4,5,6,6,7,7,7,6,5,3,2,2
66,67,5,5,5,6,7,1,2,3,4,5,2,3,4,5,6,5,6,7,7,7,5,4,3,2,2
67,68,5,5,5,6,7,1,2,3,4,5,2,3,4,5,6,2,3,4,5,6,5,4,4,2,2
68,69,1,2,3,4,5,4,5,6,6,7,3,4,5,6,7,2,3,4,5,6,5,5,4,3,3
69,70,5,5,5,6,7,1,2,3,4,5,4,5,6,7,7,6,6,7,7,7,5,4,4,3,3
70,71,2,3,4,5,6,3,4,5,6,7,1,2,3,4,5,1,2,3,4,5,4,4,4,2,2
71,72,2,3,4,5,6,3,4,5,6,7,1,2,3,4,5,1,2,3,4,5,4,4,4,2,2
72,73,5,5,5,6,7,2,3,4,5,6,4,5,6,7,7,3,4,5,6,7,6,5,5,3,3
73,74,4,5,5,6,7,5,5,6,6,7,1,2,3,4,5,3,4,5,6,7,6,5,4,3,3
74,75,4,5,5,6,7,2,3,4,5,6,1,2,3,4,5,4,5,6,7,7,6,5,4,2,2
75,76,1,2,3,4,5,3,4,5,6,7,5,6,6,7,7,1,2,3,4,5,4,4,4,3,3
76,77,5,5,5,6,7,5,5,6,6,7,2,3,4,5,6,6,6,7,7,7,6,5,4,3,2
77,78,3,4,5,6,7,1,2,3,4,5,3,4,5,6,7,5,6,7,7,7,5,4,3,2,2
78,79,2,3,4,5,6,4,5,6,6,7,4,5,6,7,7,6,6,7,7,7,6,5,4,3,3
79,80,5,5,5,6,7,3,4,5,6,7,5,6,6,7,7,2,3,4,5,6,5,5,4,3,3
80,81,5,5,5,6,7,2,3,4,5,6,4,5,6,7,7,5,6,7,7,7,5,5,4,3,3
81,82,3,4,5,6,7,3,4,5,6,7,3,4,5,6,7,2,3,4,5,6,5,5,4,3,3
82,83,3,4,5,6,7,5,5,6,6,7,1,2,3,4,5,2,3,4,5,6,5,5,4,3,2
83,84,5,5,5,6,7,4,5,6,6,7,2,3,4,5,6,4,5,6,7,7,6,5,4,3,3
84,85,2,3,4,5,6,5,5,6,6,7,4,5,6,7,7,3,4,5,6,7,6,6,5,4,4
85,86,3,4,5,6,7,5,5,6,6,7,1,2,3,4,5,4,5,6,7,7,6,5,4,3,2
86,87,2,3,4,5,6,3,4,5,6,7,2,3,4,5,6,1,2,3,4,5,4,4,4,2,3
87,88,3,4,5,6,7,1,2,3,4,5,5,6,6,7,7,2,3,4,5,6,5,4,4,3,3
88,89,3,4,5,6,7,1,2,3,4,5,5,6,6,7,7,2,3,4,5,6,5,4,4,3,3
89,90,4,5,5,6,7,2,3,4,5,6,4,5,6,7,7,1,2,3,4,5,4,4,4,3,3
90,91,5,5,5,6,7,4,5,6,6,7,5,6,6,7,7,1,2,3,4,5,4,4,4,3,3
91,92,2,3,4,5,6,1,2,3,4,5,5,6,6,7,7,3,4,5,6,7,6,5,5,4,3
92,93,4,5,5,6,7,2,3,4,5,6,4,5,6,7,7,6,6,7,7,7,6,5,4,3,3
93,94,4,5,5,6,7,1,2,3,4,5,4,5,6,7,7,1,2,3,4,5,4,4,4,3,3
94,95,5,5,5,6,7,2,3,4,5,6,2,3,4,5,6,5,6,7,7,7,5,4,3,2,2
95,96,4,5,5,6,7,1,2,3,4,5,5,6,6,7,7,6,6,7,7,7,5,4,4,3,3
96,97,3,4,5,6,7,5,5,6,6,7,1,2,3,4,5,5,6,7,7,7,6,5,4,2,2
97,98,3,4,5,6,7,1,2,3,4,5,4,5,6,7,7,3,4,5,6,7,6,5,4,3,3
98,99,1,2,3,4,5,2,3,4,5,6,4,5,6,7,7,4,5,6,7,6,5,4,3,3,3
99,100,5,5,5,6,7,1,2,3,4,5,4,5,6,7,7,1,2,3,4,5,4,4,4,3,3
100,101,5,5,5,6,7,2,3,4,5,6,1,2,3,4,5,6,6,7,7,7,6,5,3,2,2
101,102,4,5,5,6,7,5,5,6,6,7,5,6,6,7,7,6,6,7,7,7,6,5,4,3,3
102,103,2,3,4,5,6,1,2,3,4,5,3,4,5,6,7,4,5,6,7,7,6,5,4,3,3
103,104,4,5,5,6,7,3,4,5,6,7,5,6,6,7,7,4,5,6,7,7,6,5,4,3,3
104,105,3,4,5,6,7,4,5,6,6,7,4,5,6,7,7,3,4,5,6,7,6,5,5,4,3
105,106,4,5,5,6,7,5,5,6,6,7,2,3,4,5,6,3,4,5,6,7,6,5,5,3,3
106,107,4,5,5,6,7,5,5,6,6,7,5,6,6,7,7,5,6,7,7,7,6,5,4,3,3
107,108,4,5,5,6,7,1,2,3,4,5,1,2,3,4,5,3,4,5,6,7,6,5,4,3,2
108,109,2,3,4,5,6,4,5,6,6,7,1,2,3,4,5,5,6,7,7,7,6,5,4,2,2
109,110,1,2,3,4,5,2,3,4,5,6,5,6,6,7,7,6,6,7,7,7,6,5,4,3,3
110,111,3,4,5,6,7,3,4,5,6,7,5,6,6,7,7,2,3,4,5,6,5,5,4,3,3
111,112,1,2,3,4,5,4,5,6,6,7,4,5,6,7,7,1,2,3,4,5,4,4,4,3,3
112,113,4,5,5,6,7,2,3,4,5,6,2,3,4,5,6,1,2,3,4,5,4,4,3,2,2
113,114,2,3,4,5,6,5,5,6,6,7,4,5,6,7,7,1,2,3,4,5,4,4,4,3,3
114,115,5,5,5,6,7,5,5,6,6,7,1,2,3,4,5,5,6,7,7,7,6,5,4,2,2
115,116,3,4,5,6,7,4,5,6,6,7,4,5,6,7,7,2,3,4,5,6,5,5,4,3,3
116,117,1,2,3,4,5,1,2,3,4,5,3,4,5,6,7,3,4,5,6,7,6,5,4,3,3
117,118,1,2,3,4,5,4,5,6,6,7,4,5,6,7,7,6,6,7,7,7,6,5,4,3,3
118,119,4,5,5,6,7,3,4,5,6,7,2,3,4,5,6,4,5,6,7,7,6,5,4,3,3
119,120,1,2,3,4,5,4,5,6,6,7,2,3,4,5,6,4,5,6,7,7,6,5,4,3,3
120,121,5,5,5,6,7,5,5,6,6,7,5,6,6,7,7,3,4,5,6,7,6,5,5,4,4
121,122,1,2,3,4,5,5,5,6,6,7,1,2,3,4,5,1,2,3,4,5,4,4,4,2,2
122,123,2,3,4,5,6,2,3,4,5,6,3,4,5,6,7,2,3,4,5,6,5,4,4,3,3
123,124,5,5,5,6,7,2,3,4,5,6,1,2,3,4,5,1,2,3,4,5,4,4,3,2,2
124,125,5,5,5,6,7,3,4,5,6,7,1,2,3,4,5,3,4,5,6,7,6,5,4,3,3
125,126,3,4,5,6,7,1,2,3,4,5,1,2,3,4,5,2,3,4,5,6,5,4,3,2,2
126,127,5,5,5,6,7,5,5,6,6,7,4,5,6,7,7,2,3,4,5,6,5,5,4,3,3
127,128,2,3,4,5,6,3,4,5,6,7,3,4,5,6,7,4,5,6,7,7,6,5,4,3,3
128,129,4,5,5,6,7,5,5,6,6,7,1,2,3,4,5,1,2,3,4,5,4,4,4,2,2
129,130,3,4,5,6,7,2,3,4,5,6,2,3,4,5,6,5,6,7,7,7,5,4,3,2,2
130,131,3,4,5,6,7,3,4,5,6,7,4,5,6,7,7,1,2,3,4,5,4,4,4,3,3
131,132,1,2,3,4,5,5,5,6,6,7,2,3,4,5,6,6,6,7,7,7,6,5,4,3,2
132,133,2,3,4,5,6,2,3,4,5,6,3,4,5,6,7,4,5,6,7,6,5,4,3,2,2
133,134,2,3,4,5,6,4,5,6,6,7,1,2,3,4,5,6,6,7,7,7,6,5,4,3,2
134,135,3,4,5,6,7,5,5,6,6,7,1,2,3,4,5,4,5,6,7,7,6,5,4,3,2
135,136,1,2,3,4,5,1,2,3,4,5,1,2,3,4,5,4,5,6,7,7,6,5,4,2,2
136,137,1,2,3,4,5,4,5,6,6,7,2,3,4,5,6,4,4,5,6,7,6,6,5,3,3
137,138,5,5,5,6,7,4,5,6,6,7,1,2,3,4,5,1,2,3,4,5,4,4,4,2,2
138,139,1,2,3,4,5,2,3,4,5,6,3,4,5,6,7,3,4,5,6,7,6,5,5,3,3
139,140,5,5,5,6,7,4,5,6,6,7,5,6,6,7,7,3,4,5,6,7,6,5,5,4,4
140,141,5,5,5,6,7,5,5,6,6,7,2,3,4,5,6,1,2,3,4,5,4,4,4,2,3
141,142,2,3,4,5,6,1,2,3,4,5,1,2,3,4,5,5,6,7,7,7,5,4,3,2,2
142,143,4,5,5,6,7,5,5,6,6,7,2,3,4,5,6,2,3,4,5,6,5,5,4,3,3
143,144,2,3,4,5,6,4,5,6,6,7,2,3,4,5,6,3,4,5,6,7,6,5,5,3,3
144,145,5,5,5,6,7,4,5,6,6,7,5,6,6,7,7,5,6,7,7,7,5,5,4,3,3
145,146,3,4,5,6,7,5,5,6,6,7,1,2,3,4,5,4,5,6,7,7,6,5,4,3,2
146,147,1,2,3,4,5,5,5,6,6,7,4,5,6,7,7,4,5,6,7,6,5,4,4,3,3
147,148,4,5,5,6,7,1,2,3,4,5,3,4,5,6,7,2,3,4,5,6,5,4,4,3,3
148,149,3,4,5,6,7,4,5,6,6,7,5,6,6,7,7,3,4,5,5,7,6,5,5,4,4
149,150,4,5,5,6,7,5,5,6,6,7,2,3,4,5,6,4,5,6,7,7,6,5,4,3,3
150,151,2,3,4,5,6,3,4,5,6,7,5,6,6,7,7,6,6,7,7,7,6,5,4,3,3
151,152,1,2,3,4,5,5,5,6,6,7,4,5,6,7,7,1,2,3,4,5,4,4,4,3,3
152,153,4,5,5,6,7,1,2,3,4,5,4,5,6,7,7,3,4,5,6,7,6,5,4,3,3
153,154,5,5,5,6,7,4,5,6,6,7,5,6,6,7,7,1,2,3,4,5,4,4,4,3,3
154,155,5,5,5,6,7,2,3,4,5,6,2,3,4,5,6,4,5,6,7,7,6,5,4,3,2
155,156,1,2,3,4,5,1,2,3,4,5,4,5,6,7,7,2,3,4,5,6,5,4,4,3,3
156,157,1,2,3,4,5,2,3,4,5,6,2,3,4,5,6,6,6,7,7,7,6,5,4,3,2
157,158,1,2,3,4,5,2,3,4,5,6,4,5,6,7,7,1,2,3,4,5,4,4,4,3,3
158,159,1,2,3,4,5,2,3,4,5,6,2,3,4,5,6,4,5,6,7,7,6,5,4,3,3
159,160,4,5,5,6,7,4,5,6,6,7,5,6,6,7,7,1,2,3,4,5,4,4,4,3,3
160,161,5,5,5,6,7,3,4,5,6,7,5,6,6,7,7,1,2,3,4,5,4,4,4,3,3
161,162,5,5,5,6,7,5,5,6,6,7,2,3,4,5,6,5,6,7,7,7,6,5,4,3,2
162,163,1,2,3,4,5,5,5,6,6,7,4,5,6,7,7,2,3,4,5,6,5,5,5,3,3
163,164,2,3,4,5,6,2,3,4,5,6,1,2,3,4,5,6,6,7,7,7,6,5,3,2,2
164,165,2,3,4,5,6,1,2,3,4,5,5,6,6,7,7,5,6,7,7,7,5,4,4,3,3
165,166,4,5,5,6,7,2,3,4,5,6,3,4,5,6,7,1,2,3,4,5,4,4,4,2,3
166,167,1,2,3,4,5,4,5,6,6,7,2,3,4,5,6,1,2,3,4,5,4,4,4,3,3
167,168,5,5,5,6,7,4,5,6,6,7,5,6,6,7,7,5,6,7,7,7,5,5,4,3,3
168,169,1,2,3,4,5,1,2,3,4,5,3,4,5,6,7,6,6,7,7,7,5,4,4,3,2
169,170,2,3,4,5,6,5,5,6,6,7,2,3,4,5,6,2,3,4,5,6,5,5,4,3,3
170,171,1,2,3,4,5,2,3,4,5,6,1,2,3,4,5,6,6,7,7,7,6,5,3,2,2
171,172,3,4,5,6,7,1,2,3,4,5,1,2,3,4,5,5,6,7,7,7,5,4,3,2,2
172,173,4,5,5,6,7,2,3,4,5,6,1,2,3,4,5,5,6,7,7,7,5,5,3,2,2
173,174,1,2,3,4,5,3,4,5,6,7,5,6,6,7,7,6,6,7,7,7,6,5,4,3,3
174,175,5,5,5,6,7,3,4,5,6,7,5,6,6,7,7,6,6,7,7,7,6,5,4,3,3
175,176,3,4,5,6,7,2,3,4,5,6,1,2,3,4,5,5,6,7,7,7,5,4,3,2,2
176,177,4,5,5,6,7,1,2,3,4,5,2,3,4,5,6,5,6,7,7,7,5,4,3,2,2
177,178,4,5,5,6,7,2,3,4,5,6,2,3,4,5,6,4,5,6,7,7,6,5,4,3,2
178,179,2,3,4,5,6,4,5,6,6,7,3,4,5,6,7,2,3,4,5,6,5,5,4,3,3
179,180,5,5,5,6,7,2,3,4,5,6,4,5,6,7,7,5,6,6,7,7,6,5,4,3,3
180,181,5,5,5,6,7,5,5,6,6,7,2,3,4,5,6,5,5,6,6,7,6,5,4,3,3
181,182,1,2,3,4,5,3,4,5,6,7,4,5,6,7,7,6,6,7,7,7,6,5,4,3,3
182,183,5,5,5,6,7,1,2,3,4,5,5,6,6,7,7,1,2,3,4,5,4,4,4,3,3
183,184,5,5,5,6,7,1,2,3,4,5,2,3,4,5,6,4,5,6,7,6,5,4,3,2,2
184,185,4,5,5,6,7,1,2,3,4,5,2,3,4,5,6,5,6,7,7,7,5,4,3,2,2
185,186,4,5,5,6,7,4,5,6,6,7,5,6,6,7,7,2,3,4,5,6,5,5,4,3,3
186,187,1,2,3,4,5,5,5,6,6,7,5,6,6,7,7,4,5,6,7,7,6,5,5,4,3
187,188,3,4,5,6,7,3,4,5,6,7,1,2,3,4,5,1,2,3,4,5,4,4,3,2,2
188,189,5,5,5,6,7,4,5,6,6,7,1,2,3,4,5,5,6,7,7,7,6,5,4,2,2
189,190,3,4,5,6,7,1,2,3,4,5,5,6,6,7,7,1,2,3,4,5,4,4,4,3,3
190,191,1,2,3,4,5,1,2,3,4,5,4,5,6,7,7,4,5,6,7,7,6,5,4,3,3
191,192,4,5,5,6,7,2,3,4,5,6,4,5,6,7,7,2,3,4,5,6,5,4,4,3,3
192,193,3,4,5,6,7,1,2,3,4,5,3,4,5,6,7,1,2,3,4,5,4,3,3,2,3
193,194,3,4,5,6,7,5,5,6,6,7,2,3,4,5,6,5,6,7,7,7,6,5,4,3,2
194,195,2,3,4,5,6,1,2,3,4,5,2,3,4,5,6,2,3,4,5,6,5,4,4,3,2
195,196,5,5,5,6,7,5,5,6,6,7,1,2,3,4,5,4,5,6,7,7,6,5,4,3,2
196,197,2,3,4,5,6,4,5,6,6,7,5,6,6,7,7,6,6,7,7,7,6,5,4,3,3
197,198,5,5,5,6,7,4,5,6,6,7,4,5,6,7,7,1,2,3,4,5,4,4,4,3,3
198,199,4,5,5,6,7,1,2,3,4,5,5,6,6,7,7,2,3,4,5,6,5,4,4,3,3
199,200,1,2,3,4,5,1,2,3,4,5,3,4,5,6,7,6,6,7,7,7,5,4,4,3,2
200,201,2,3,4,5,6,3,4,5,6,7,2,3,4,5,6,5,6,7,7,7,6,5,4,3,2
201,202,5,5,5,6,7,3,4,5,6,7,5,6,6,7,7,3,4,5,6,7,6,5,5,4,4
202,203,4,5,5,6,7,4,5,6,6,7,1,2,3,4,5,6,6,7,7,7,6,5,4,2,2
203,204,5,5,5,6,7,4,5,6,6,7,3,4,5,6,7,1,2,3,4,5,4,4,4,3,3
204,205,4,5,5,6,7,4,5,6,6,7,4,5,6,7,7,6,6,7,7,7,6,5,4,3,3
205,206,1,2,3,4,5,2,3,4,5,6,5,6,6,7,7,5,6,7,7,7,5,5,4,3,3
206,207,4,5,5,6,7,1,2,3,4,5,1,2,3,4,5,6,6,7,7,7,5,4,3,2,2
207,208,3,4,5,6,7,3,4,5,6,7,2,3,4,5,6,5,6,7,7,7,6,5,4,2,2
208,209,4,5,5,6,7,5,5,6,6,7,4,5,6,7,7,5,6,7,7,7,6,5,4,3,3
209,210,1,2,3,4,5,2,3,4,5,6,1,2,3,4,5,4,5,6,7,7,6,5,4,3,2
210,211,5,5,5,6,7,2,3,4,5,6,3,4,5,6,7,5,6,7,7,7,5,4,4,3,2
211,212,3,4,5,6,7,2,3,4,5,6,3,4,5,6,7,2,3,4,5,6,5,4,4,3,3
212,213,1,2,3,4,5,2,3,4,5,6,4,5,6,7,7,5,6,7,7,7,5,5,4,3,3
213,214,2,3,4,5,6,2,3,4,5,6,5,6,6,7,7,5,6,7,7,7,5,5,4,3,3
214,215,5,5,5,6,7,5,5,6,6,7,5,6,6,7,7,6,6,7,7,7,6,5,4,3,3
215,216,3,4,5,6,7,4,5,6,6,7,1,2,3,4,5,6,6,7,7,7,6,5,4,2,2
216,217,2,3,4,5,6,3,4,5,6,7,1,2,3,4,5,2,3,4,5,6,5,5,4,3,3
217,218,4,5,5,6,7,2,3,4,5,6,2,3,4,5,6,5,6,7,7,7,5,4,3,2,2
218,219,5,5,5,6,7,1,2,3,4,5,4,5,6,7,7,6,6,7,7,7,5,4,4,3,3
219,220,5,5,5,6,7,3,4,5,6,7,4,5,6,7,7,4,5,6,7,7,6,5,4,3,3
220,221,3,4,5,6,7,3,4,5,6,7,3,4,5,6,7,1,2,3,4,5,4,4,4,3,3
221,222,1,2,3,4,5,5,5,6,6,7,4,5,6,7,7,3,4,5,6,7,6,6,5,4,4
222,223,2,3,4,5,6,2,3,4,5,6,4,5,6,7,7,4,5,6,7,7,6,5,4,3,3
223,224,5,5,5,6,7,1,2,3,4,5,2,3,4,5,6,1,2,3,4,5,4,3,3,2,2
224,225,4,5,5,6,7,4,5,6,6,7,1,2,3,4,5,1,2,3,4,5,4,4,4,2,2
225,226,3,4,5,6,7,2,3,4,5,6,2,3,4,5,6,1,2,3,4,5,4,4,3,2,2
226,227,2,3,4,5,6,5,5,6,6,7,2,3,4,5,6,5,6,7,7,7,6,5,4,3,2
227,228,1,2,3,4,5,2,3,4,5,6,1,2,3,4,5,4,5,6,7,7,6,5,4,3,2
228,229,2,3,4,5,6,5,5,6,6,7,4,5,6,7,7,5,6,7,7,7,6,5,4,3,3
229,230,5,5,5,6,7,2,3,4,5,6,3,4,5,6,7,4,5,6,7,7,6,5,4,3,3
230,231,3,4,5,6,7,3,4,5,6,7,2,3,4,5,6,1,2,3,4,5,4,4,4,2,3
231,232,4,5,5,6,7,2,3,4,5,6,2,3,4,5,6,4,5,6,7,7,6,5,4,3,2
232,233,1,2,3,4,5,1,2,3,4,5,2,3,4,5,6,3,4,5,6,7,6,5,4,3,3
233,234,4,5,5,6,7,1,2,3,4,5,4,5,6,7,7,1,2,3,4,5,4,4,4,3,3
234,235,3,4,5,6,7,1,2,3,4,5,4,5,6,7,7,1,2,3,4,5,4,4,4,3,3
235,236,3,4,5,6,7,5,5,6,6,7,1,2,3,4,5,1,2,3,4,5,4,4,4,2,2
236,237,4,5,5,6,7,2,3,4,5,6,4,5,6,7,7,3,4,5,6,7,6,5,5,3,3
237,238,4,5,5,6,7,3,4,5,6,7,5,6,6,7,7,1,2,3,4,5,4,4,4,3,3
238,239,3,4,5,6,7,1,2,3,4,5,2,3,4,5,6,5,6,7,7,7,5,4,3,2,2
239,240,4,5,5,6,7,1,2,3,4,5,5,6,6,7,7,1,2,3,4,5,4,4,4,3,3
240,241,3,4,5,6,7,2,3,4,5,6,4,5,6,7,7,4,5,6,7,7,6,5,4,3,3
241,242,1,2,3,4,5,1,2,3,4,5,5,6,6,7,7,2,3,4,4,6,5,4,4,3,3
242,243,5,5,5,6,7,4,5,6,6,7,5,6,6,7,7,4,5,6,7,6,5,4,4,3,3
243,244,2,3,4,5,6,2,3,4,5,6,5,6,6,7,7,6,6,7,7,7,5,5,4,3,3
244,245,5,5,5,6,7,3,4,5,6,7,3,4,5,6,7,2,3,4,5,6,5,5,4,3,3
245,246,5,5,5,6,7,2,3,4,5,6,5,6,6,7,7,3,4,5,6,7,6,5,5,4,3
246,247,5,5,5,6,7,1,2,3,4,5,1,2,3,4,5,5,6,7,7,7,5,4,3,2,2
247,248,3,4,5,6,7,1,2,3,4,5,4,5,6,7,7,3,4,5,6,7,6,5,4,3,3
248,249,2,3,4,5,6,3,4,5,6,7,3,4,5,6,7,5,6,7,7,7,6,5,4,3,3
249,250,2,3,4,5,6,3,4,5,6,7,2,3,4,5,6,5,6,7,7,7,6,5,4,3,2
250,251,3,4,5,6,7,2,3,4,5,6,2,3,4,5,6,5,6,7,7,7,5,4,3,2,2
251,252,2,3,4,5,6,3,4,5,6,7,2,3,4,5,6,5,6,7,7,7,6,5,4,3,2
252,253,1,2,3,4,5,4,5,6,6,7,5,6,6,7,7,6,6,7,7,7,6,5,4,3,3
253,254,3,4,5,6,7,2,3,4,5,6,2,3,4,5,6,4,5,6,7,7,6,5,4,3,2
254,255,4,5,5,6,7,4,5,6,6,7,4,5,6,7,7,2,3,4,5,6,5,5,4,3,3
255,256,1,2,3,4,5,3,4,5,6,7,1,2,3,4,5,5,6,7,7,7,6,5,4,2,2
256,257,5,5,5,6,7,1,2,3,4,5,5,6,6,7,7,6,6,7,7,7,5,4,4,3,3
257,258,4,5,5,6,7,2,3,4,5,6,4,5,6,7,7,2,3,4,5,6,5,4,4,3,3
258,259,4,5,5,6,7,1,2,3,4,5,4,5,6,7,7,6,6,7,7,7,5,4,4,3,3
259,260,2,3,4,5,6,5,5,6,6,7,3,4,5,6,7,5,6,7,7,7,6,5,4,3,3
260,261,2,3,4,5,6,1,2,3,4,5,1,2,3,4,5,6,6,7,7,7,5,4,3,2,2
261,262,3,4,5,6,7,1,2,3,4,5,2,3,4,5,6,1,2,3,4,5,4,3,3,2,2
262,263,3,4,5,6,7,1,2,3,4,5,5,6,6,7,7,3,4,5,6,7,6,5,4,3,3
263,264,3,4,5,6,7,1,2,3,4,5,2,3,4,5,6,1,2,3,4,5,4,3,3,2,2
264,265,5,5,5,6,7,2,3,4,5,6,4,5,6,7,7,6,6,7,7,7,6,5,4,3,3
265,266,4,5,5,6,7,1,2,3,4,5,5,6,6,7,7,5,6,7,7,7,5,4,4,3,3
266,267,5,5,5,6,7,4,5,6,6,7,1,2,3,4,5,3,4,5,6,7,6,5,4,3,3
267,268,1,2,3,4,5,5,5,6,6,7,5,6,6,7,7,3,4,5,6,7,6,6,5,4,4
268,269,2,3,4,5,6,5,5,6,6,7,4,5,6,7,7,1,2,3,4,5,4,4,4,3,3
269,270,1,2,3,4,5,1,2,3,4,5,2,3,4,5,6,2,3,4,5,6,5,4,4,3,3
270,271,4,5,5,6,7,1,2,3,4,5,4,5,6,7,7,6,6,7,7,7,5,4,4,3,3
271,272,5,5,5,6,7,1,2,3,4,5,4,5,6,7,7,6,6,7,7,7,5,4,4,3,3
272,273,5,5,5,6,7,2,3,4,5,6,1,2,3,4,5,1,2,3,4,5,4,4,3,2,2
273,274,2,3,4,5,6,2,3,4,5,6,4,5,6,7,7,6,6,7,7,7,6,5,4,3,3
274,275,5,5,5,6,7,4,5,6,6,7,4,5,6,7,7,3,4,5,6,7,6,5,5,4,3
275,276,2,3,4,5,6,3,4,5,6,7,1,2,3,4,5,3,4,5,6,7,6,5,4,3,3
276,277,3,4,5,6,7,2,3,4,5,6,3,4,5,6,7,4,5,6,7,7,6,5,4,3,3
277,278,2,3,4,5,6,4,5,6,6,7,2,3,4,5,6,6,6,7,7,7,6,5,4,3,2
278,279,2,3,4,5,6,4,5,6,6,7,2,3,4,5,6,6,6,7,7,7,6,5,4,3,2
279,280,5,5,5,6,7,4,5,6,6,7,3,4,5,6,7,4,5,6,7,7,6,5,4,3,3
280,281,2,3,4,5,6,3,4,5,6,7,3,4,5,6,7,1,2,3,4,5,4,4,4,3,3
281,282,5,5,5,6,7,2,3,4,5,6,5,6,6,7,7,3,4,5,6,7,6,5,5,4,3
282,283,1,2,3,4,5,1,2,3,4,5,1,2,3,4,5,5,6,7,7,7,5,4,3,2,2
283,284,1,2,3,4,5,2,3,4,5,6,4,5,6,7,7,1,2,3,4,5,4,4,4,3,3
284,285,4,5,5,6,7,3,4,5,6,7,4,5,6,7,7,1,2,3,4,5,4,4,4,3,3
285,286,1,2,3,4,5,5,5,6,6,7,2,3,4,5,6,6,6,7,7,7,6,5,4,3,2
286,287,2,3,4,5,6,5,5,6,6,7,2,3,4,5,6,1,2,3,4,5,4,4,4,2,3
287,288,3,4,5,6,7,1,2,3,4,5,2,3,4,5,6,5,6,7,7,7,5,4,3,2,2
288,289,4,5,5,6,7,5,5,6,6,7,1,2,3,4,5,6,6,7,7,7,6,5,4,2,2
289,290,5,5,5,6,7,1,2,3,4,5,3,4,5,6,7,1,2,3,4,5,4,3,3,2,3
290,291,1,2,3,4,5,4,5,6,6,7,2,3,4,5,6,4,5,6,7,7,6,5,4,3,3
291,292,5,5,5,6,7,1,2,3,4,5,3,4,5,6,7,3,4,5,6,7,6,5,4,3,3
292,293,2,3,4,5,6,2,3,4,5,6,4,5,6,7,7,2,3,4,5,6,5,5,4,3,3
293,294,1,2,3,4,5,2,3,4,5,6,4,5,6,7,7,1,2,3,4,5,4,4,4,3,3
294,295,1,2,3,4,5,1,2,3,4,5,1,2,3,4,5,2,3,4,5,6,5,4,4,2,2
295,296,2,3,4,5,6,5,5,6,6,7,2,3,4,5,6,3,4,5,6,7,6,5,5,3,3
296,297,3,4,5,6,7,5,5,6,6,7,3,4,5,6,7,5,6,7,7,7,6,5,4,3,3
297,298,5,5,5,6,7,3,4,5,6,7,1,2,3,4,5,5,6,7,7,7,6,5,3,2,2
298,299,2,3,4,5,6,2,3,4,5,6,2,3,4,5,6,2,3,4,5,6,5,4,4,3,3
299,300,1,2,3,4,5,2,3,4,5,6,5,6,6,7,7,5,6,7,7,7,5,5,4,3,3
300,301,4,5,5,6,7,2,3,4,5,6,2,3,4,5,6,4,5,6,7,7,6,5,4,3,2
301,302,1,2,3,4,5,5,5,6,6,7,3,4,5,6,7,4,5,6,7,7,6,5,4,3,3
302,303,4,5,5,6,7,2,3,4,5,6,3,4,5,6,7,3,4,5,6,7,6,5,4,3,3
303,304,3,4,5,6,7,1,2,3,4,5,3,4,5,6,7,4,5,6,7,7,6,5,4,3,3
304,305,5,5,5,6,7,1,2,3,4,5,4,5,6,7,7,2,3,4,5,6,5,4,4,3,3
305,306,3,4,5,6,7,1,2,3,4,5,4,5,6,7,7,2,3,4,5,6,5,4,4,3,3
306,307,3,4,5,6,7,1,2,3,4,5,4,5,6,7,7,1,2,3,4,5,4,4,4,3,3
307,308,1,2,3,4,5,3,4,5,6,7,2,3,4,5,6,6,6,7,7,7,6,5,4,3,2
308,309,1,2,3,4,5,1,2,3,4,5,5,6,6,7,7,5,6,6,7,7,6,5,4,3,3
309,310,3,4,5,6,7,4,5,6,6,7,3,4,5,6,7,4,5,6,6,7,6,5,4,3,3
310,311,4,5,5,6,7,5,5,6,6,7,5,6,6,7,7,3,4,5,6,7,6,5,5,4,4
311,312,2,3,4,5,6,2,3,4,5,6,1,2,3,4,5,4,5,6,7,7,6,5,4,2,2
312,313,2,3,4,5,6,1,2,3,4,5,4,5,6,7,7,5,6,7,7,7,5,4,4,3,3
313,314,1,2,3,4,5,4,5,6,6,7,1,2,3,4,5,4,5,6,7,7,6,5,4,3,2
314,315,5,5,5,6,7,1,2,3,4,5,5,6,6,7,7,4,5,6,7,7,5,5,4,3,3
315,316,1,2,3,4,5,1,2,3,4,5,3,4,5,6,7,5,6,7,7,7,5,4,4,3,2
316,317,1,2,3,4,5,3,4,5,6,7,3,4,5,6,7,2,3,4,5,6,5,5,4,3,3
317,318,1,2,3,4,5,5,5,6,6,7,3,4,5,6,7,1,2,3,4,5,4,4,4,3,3
318,319,3,4,5,6,7,1,2,3,4,5,5,6,6,7,7,5,6,7,7,7,5,4,4,3,3
319,320,3,4,5,6,7,3,4,5,6,7,5,6,6,7,7,6,6,7,7,7,6,5,4,3,3
320,321,5,5,5,6,7,5,5,6,6,7,1,2,3,4,5,6,6,7,7,7,6,5,4,2,2
321,322,5,5,5,6,7,1,2,3,4,5,4,5,6,7,7,4,5,6,7,7,6,5,4,3,3
322,323,5,5,5,6,7,1,2,3,4,5,2,3,4,5,6,2,3,4,5,6,5,4,4,2,2
323,324,2,3,4,5,6,5,5,6,6,7,3,4,5,6,7,4,5,6,7,7,6,5,4,3,3
324,325,5,5,5,6,7,4,5,6,6,7,3,4,5,6,7,5,6,7,7,7,6,5,4,3,3
325,326,4,5,5,6,7,4,5,6,6,7,1,2,3,4,5,5,6,7,7,7,6,5,4,2,2
326,327,3,4,5,6,7,5,5,6,6,7,5,6,6,7,7,4,5,6,7,7,6,5,4,3,3
327,328,2,3,4,5,6,1,2,3,4,5,3,4,5,6,7,5,6,7,7,7,5,4,4,2,2
328,329,5,5,5,6,7,1,2,3,4,5,2,3,4,5,6,3,4,5,6,7,6,5,4,3,3
329,330,5,5,5,6,7,3,4,5,6,7,2,3,4,5,6,4,5,6,7,7,6,5,4,3,3
330,331,3,4,5,6,7,5,5,6,6,7,5,6,6,7,7,3,4,5,6,7,6,5,5,4,4
331,332,2,3,4,5,6,3,4,5,6,7,5,6,6,7,7,1,2,3,4,5,4,4,4,3,3
332,333,3,4,5,6,7,3,4,5,6,7,2,3,4,5,6,2,3,4,5,6,5,5,4,3,3
333,334,2,3,4,5,6,4,5,6,6,7,1,2,3,4,5,4,5,6,7,7,6,5,4,3,2
334,335,2,3,4,5,6,4,5,6,6,7,3,4,5,6,7,2,3,4,5,6,5,5,4,3,3
335,336,2,3,4,5,6,4,5,6,6,7,4,5,6,7,7,4,5,6,7,7,6,5,4,3,3
336,337,5,5,5,6,7,3,4,5,6,7,3,4,5,6,7,1,2,3,4,5,4,4,4,3,3
337,338,3,4,5,6,7,2,3,4,5,6,4,5,6,7,7,2,3,4,5,6,5,4,4,3,3
338,339,5,5,5,6,7,5,5,6,6,7,4,5,6,7,7,5,6,7,7,7,6,5,4,3,3
339,340,5,5,5,6,7,1,2,3,4,5,3,4,5,6,7,1,2,3,4,5,4,3,3,2,3
340,341,4,5,5,6,7,3,4,5,6,7,1,2,3,4,5,6,6,7,7,7,6,5,3,2,2
341,342,5,5,5,6,7,2,3,4,5,6,3,4,5,6,7,3,4,5,6,7,6,5,4,3,3
342,343,3,4,5,6,7,1,2,3,4,5,5,6,6,7,7,3,4,5,6,7,6,5,4,3,3
343,344,1,2,3,4,5,4,5,6,6,7,1,2,3,4,5,4,5,6,7,7,6,5,4,3,2
344,345,5,5,5,6,7,3,4,5,6,7,1,2,3,4,5,5,6,7,7,7,6,5,3,2,2
345,346,1,2,3,4,5,4,5,6,6,7,1,2,3,4,5,3,4,5,6,7,6,5,5,3,3
346,347,3,4,5,6,7,5,5,6,6,7,3,4,5,6,7,5,6,6,7,7,6,5,4,3,3
347,348,4,5,5,6,7,5,5,6,6,7,5,6,6,7,7,6,6,7,7,7,6,5,4,3,3
348,349,1,2,3,4,5,1,2,3,4,5,4,5,6,7,7,4,5,6,7,6,5,4,3,2,2
349,350,5,5,5,6,7,4,5,6,6,7,5,6,6,7,7,2,3,4,5,6,5,5,4,3,3
350,351,5,5,5,6,7,4,5,6,6,7,5,6,6,7,7,1,2,3,4,5,4,4,4,3,3
351,352,4,5,5,6,7,3,4,5,6,7,2,3,4,5,6,4,5,6,7,7,6,5,4,3,3
352,353,2,3,4,5,6,3,4,5,6,7,4,5,6,7,7,6,6,7,7,7,6,5,4,3,3
353,354,3,4,5,6,7,5,5,6,6,7,3,4,5,6,7,5,6,7,7,7,6,5,4,3,3
354,355,5,5,5,6,7,2,3,4,5,6,5,6,6,7,7,4,5,6,7,7,6,5,4,3,3
355,356,3,4,5,6,7,3,4,5,6,7,4,5,6,7,7,6,6,7,7,7,6,5,4,3,3
356,357,1,2,3,4,5,2,3,4,5,6,3,4,5,6,7,4,5,6,7,7,6,5,4,3,3
357,358,3,4,5,6,7,2,3,4,5,6,1,2,3,4,5,1,2,3,4,5,4,4,3,2,2
358,359,4,5,5,6,7,2,3,4,5,6,1,2,3,4,5,3,4,5,6,7,6,5,4,3,2
359,360,5,5,5,6,7,1,2,3,4,5,1,2,3,4,5,5,6,7,7,7,5,4,3,2,2
360,361,5,5,5,6,7,5,5,6,6,7,4,5,6,7,7,1,2,3,4,5,4,4,4,3,3
361,362,1,2,3,4,5,3,4,5,6,7,3,4,5,6,7,5,6,7,7,7,6,5,4,3,3
362,363,2,3,4,5,6,3,4,5,6,7,4,5,6,7,7,1,2,3,4,5,4,4,4,3,3
363,364,5,5,5,6,7,3,4,5,6,7,1,2,3,4,5,6,6,7,7,7,6,5,3,2,2
364,365,3,4,5,6,7,3,4,5,6,7,3,4,5,6,7,5,6,7,7,7,6,5,4,3,3
365,366,1,2,3,4,5,1,2,3,4,5,4,5,6,7,7,4,5,6,7,6,5,4,3,2,2
366,367,1,2,3,4,5,3,4,5,6,7,4,5,6,7,7,5,6,7,7,7,6,5,4,3,3
367,368,1,2,3,4,5,3,4,5,6,7,3,4,5,6,7,4,5,6,7,7,6,5,4,3,3
368,369,4,5,5,6,7,1,2,3,4,5,5,6,6,7,7,5,6,7,7,7,5,4,4,3,3
369,370,1,2,3,4,5,4,5,6,6,7,5,6,6,7,7,1,2,3,4,5,4,4,4,3,3
370,371,1,2,3,4,5,5,5,6,6,7,5,6,6,7,7,6,6,7,7,7,6,5,4,3,3
371,372,1,2,3,4,5,3,4,5,6,7,1,2,3,4,5,5,6,7,7,7,6,5,4,2,2
372,373,4,5,5,6,7,3,4,5,6,7,2,3,4,5,6,2,3,4,5,6,5,5,4,3,3
373,374,3,4,5,6,7,1,2,3,4,5,1,2,3,4,5,4,5,6,7,7,6,5,3,2,2
374,375,1,2,3,4,5,5,5,6,6,7,5,6,6,7,7,3,4,5,6,7,6,6,5,4,4
375,376,3,4,5,6,7,3,4,5,6,7,5,6,6,7,7,4,5,6,7,7,6,5,4,3,3
376,377,4,5,5,6,7,3,4,5,6,7,2,3,4,5,6,5,6,7,7,7,6,5,4,2,2
377,378,3,4,5,6,7,5,5,6,6,7,1,2,3,4,5,5,6,7,7,7,6,5,4,2,2
378,379,2,3,4,5,6,5,5,6,6,7,4,5,6,7,7,1,2,3,4,5,4,4,4,3,3
379,380,4,5,5,6,7,2,3,4,5,6,2,3,4,5,6,5,6,7,7,7,5,4,3,2,2
380,381,5,5,5,6,7,2,3,4,5,6,3,4,5,6,7,5,6,7,7,7,5,4,4,3,2
381,382,5,5,5,6,7,3,4,5,6,7,2,3,4,5,6,4,5,6,7,7,6,5,4,3,3
382,383,5,5,5,6,7,2,3,4,5,6,4,5,6,7,7,2,3,4,5,6,5,4,4,3,3
383,384,5,5,5,6,7,3,4,5,6,7,3,4,5,6,7,1,2,3,4,5,4,4,4,3,3
384,385,4,5,5,6,7,1,2,3,4,5,5,6,6,7,7,2,3,4,5,6,5,4,4,3,3
385,386,3,4,5,6,7,1,2,3,4,5,2,3,4,5,6,5,6,7,7,7,5,4,3,2,2
386,387,3,4,5,6,7,3,4,5,6,7,3,4,5,6,7,3,4,5,6,7,6,5,5,3,3
387,388,2,3,4,5,6,5,5,6,6,7,5,6,6,7,7,3,4,5,6,7,6,6,5,4,4
388,389,3,4,5,6,7,5,5,6,6,7,5,6,6,7,7,6,6,7,7,7,6,5,4,3,3
389,390,4,5,5,6,7,4,5,6,6,7,4,5,6,7,7,3,4,5,6,7,6,5,5,4,3
390,391,4,5,5,6,7,4,5,6,6,7,1,2,3,4,5,2,3,4,5,6,5,5,4,3,2
391,392,2,3,4,5,6,4,5,6,6,7,1,2,3,4,5,4,5,6,7,7,6,5,4,3,2
392,393,2,3,4,5,6,5,5,6,6,7,3,4,5,6,7,4,5,6,7,7,6,5,4,3,3
393,394,3,4,5,6,7,2,3,4,5,6,5,6,6,7,7,1,2,3,4,5,4,4,4,3,3
394,395,5,5,5,6,7,2,3,4,5,6,2,3,4,5,6,5,6,7,7,7,5,4,3,2,2
395,396,5,5,5,6,7,2,3,4,5,6,3,4,5,6,7,2,3,4,5,6,5,4,4,3,3
396,397,4,5,5,6,7,3,4,5,6,7,4,5,6,7,7,4,5,6,7,7,6,5,4,3,3
397,398,5,5,5,6,7,3,4,5,6,7,3,4,5,6,7,4,5,6,7,7,6,5,4,3,3
398,399,5,5,5,6,7,1,2,3,4,5,4,5,6,7,7,3,4,5,6,7,6,5,4,3,3
399,400,1,2,3,4,5,3,4,5,6,7,2,3,4,5,6,2,3,4,5,6,5,5,4,3,3
400,401,3,4,5,6,7,3,4,5,6,7,5,6,6,7,7,1,2,3,4,5,4,4,4,3,3
401,402,1,2,3,4,5,2,3,4,5,6,2,3,4,5,6,3,4,5,6,7,6,5,4,3,3
402,403,4,5,5,6,7,2,3,4,5,6,2,3,4,5,6,5,6,7,7,7,5,4,3,2,2
403,404,3,4,5,6,7,1,2,3,4,5,2,3,4,5,6,5,6,7,7,7,5,4,3,2,2
404,405,3,4,5,6,7,5,5,6,6,7,3,4,5,6,7,6,6,7,7,7,6,5,4,3,3
405,406,4,5,5,6,7,3,4,5,6,7,3,4,5,6,7,3,4,5,6,7,6,5,5,3,3
406,407,3,4,5,6,7,4,5,6,6,7,4,5,6,7,7,4,5,6,7,7,6,5,4,3,3
407,408,3,4,5,6,7,3,4,5,6,7,3,4,5,6,7,2,3,4,5,6,5,5,4,3,3
408,409,4,5,5,6,7,1,2,3,4,5,3,4,5,6,7,1,2,3,4,5,4,3,3,2,3
409,410,4,5,5,6,7,4,5,6,6,7,3,4,5,6,7,1,2,3,4,5,4,4,4,3,3
410,411,2,3,4,5,6,1,2,3,4,5,3,4,5,6,7,4,5,6,7,6,5,4,3,2,2
411,412,2,3,4,5,6,5,5,6,6,7,3,4,5,6,7,1,2,3,4,5,4,4,4,3,3
412,413,3,4,5,6,7,4,5,6,6,7,1,2,3,4,5,4,5,6,7,6,5,4,3,2,2
413,414,3,4,5,6,7,5,5,6,6,7,5,6,6,7,7,5,6,7,7,7,6,5,4,3,3
414,415,4,5,5,6,7,5,5,6,6,7,3,4,5,6,7,3,4,5,6,7,6,5,5,3,3
415,416,3,4,5,6,7,2,3,4,5,6,4,5,6,7,7,1,2,3,4,5,4,4,4,3,3
416,417,1,2,3,4,5,4,5,6,6,7,1,2,3,4,5,1,2,3,4,5,4,4,4,2,2
417,418,1,2,3,4,5,3,4,5,6,7,1,2,3,4,5,3,4,5,6,7,6,5,4,3,3
418,419,4,5,5,6,7,2,3,4,5,6,3,4,5,6,7,5,6,7,7,7,5,4,4,3,2
419,420,5,5,5,6,7,5,5,6,6,7,3,4,5,6,7,5,6,7,7,7,6,5,4,3,3
420,421,4,5,5,6,7,5,5,6,6,7,2,3,4,5,6,5,6,7,6,7,5,5,4,3,2
421,422,5,5,5,6,7,2,3,4,5,6,3,4,5,6,7,6,6,7,7,7,6,5,4,3,2
422,423,2,3,4,5,6,1,2,3,4,5,2,3,4,5,6,4,5,6,7,7,6,5,4,3,2
423,424,2,3,4,5,6,3,4,5,6,7,5,6,6,7,7,6,6,7,7,7,6,5,4,3,3
424,425,5,5,5,6,7,2,3,4,5,6,3,4,5,6,7,4,5,6,7,7,6,5,4,3,3
425,426,1,2,3,4,5,1,2,3,4,5,5,6,6,7,7,2,3,4,5,6,5,4,4,3,3
426,427,1,2,3,4,5,5,5,6,6,7,2,3,4,5,6,4,5,6,7,7,6,5,4,3,3
427,428,5,5,5,6,7,5,5,6,6,7,5,6,6,7,7,2,3,4,5,6,5,5,5,3,3
428,429,3,4,5,6,7,4,5,6,6,7,4,5,6,7,7,1,2,3,4,5,4,4,4,3,3
429,430,4,5,5,6,7,4,5,6,6,7,3,4,5,6,7,6,6,7,7,7,6,5,4,3,3
430,431,5,5,5,6,7,4,5,6,6,7,2,3,4,5,6,5,6,7,7,7,6,5,4,3,2
431,432,4,5,5,6,7,2,3,4,5,6,2,3,4,5,6,5,6,7,7,7,5,4,3,2,2
432,433,5,5,5,6,7,5,5,6,6,7,4,5,6,7,7,1,2,3,4,5,4,4,4,3,3
433,434,4,5,5,6,7,1,2,3,4,5,3,4,5,6,7,1,2,3,4,5,4,3,3,2,3
434,435,3,4,5,6,7,2,3,4,5,6,5,6,6,7,7,3,4,5,6,7,6,5,5,4,3
435,436,4,5,5,6,7,1,2,3,4,5,4,5,6,7,7,4,5,6,7,7,6,5,4,3,3
436,437,4,5,5,6,7,5,5,6,6,7,5,6,6,7,7,2,3,4,5,6,5,5,5,3,3
437,438,1,2,3,4,5,1,2,3,4,5,4,5,6,7,7,1,2,3,4,5,4,4,4,3,3
438,439,4,5,5,6,7,5,5,6,6,7,2,3,4,5,6,5,6,7,7,7,6,5,4,3,2
439,440,4,5,5,6,7,5,5,6,6,7,5,6,6,7,7,5,6,7,7,7,6,5,4,3,3
440,441,1,2,3,4,5,4,5,6,6,7,4,5,6,7,7,5,6,7,7,7,6,5,4,3,3
441,442,1,2,3,4,5,1,2,3,4,5,5,6,6,7,7,4,5,6,7,7,6,5,4,3,3
442,443,2,3,4,5,6,5,5,6,6,7,3,4,5,6,7,2,3,4,5,6,5,5,4,3,3
443,444,2,3,4,5,6,5,5,6,6,7,3,4,5,6,7,6,6,7,7,7,6,5,4,3,3
444,445,2,3,4,5,6,5,5,6,6,7,2,3,4,5,6,2,3,4,5,6,5,5,4,3,3
445,446,2,3,4,5,6,2,3,4,5,6,3,4,5,6,7,5,6,7,7,7,5,5,4,3,2
446,447,4,5,5,6,7,5,5,6,6,7,2,3,4,5,6,4,5,6,7,7,6,5,4,3,3
447,448,1,2,3,4,5,3,4,5,6,7,1,2,3,4,5,6,6,7,7,7,6,5,4,3,2
448,449,5,5,5,6,7,5,5,6,6,7,5,6,6,7,7,6,6,7,7,7,6,5,4,3,3
449,450,3,4,5,6,7,3,4,5,6,7,2,3,4,5,6,3,4,5,5,6,5,4,4,2,3
450,451,1,2,3,4,5,2,3,4,5,6,1,2,3,4,5,4,5,6,7,7,6,5,4,3,2
451,452,3,4,5,6,7,3,4,5,6,7,5,6,6,7,7,3,4,5,6,7,6,5,5,4,4
452,453,3,4,5,6,7,2,3,4,5,6,4,5,6,7,7,5,6,7,7,7,5,5,4,3,3
453,454,3,4,5,6,7,2,3,4,5,6,5,6,6,7,7,6,6,7,7,7,5,5,4,3,3
454,455,1,2,3,4,5,2,3,4,5,6,5,6,6,7,7,6,6,7,7,7,6,5,4,3,3
455,456,3,4,5,6,7,4,5,6,6,7,2,3,4,5,6,5,6,7,7,7,6,5,4,2,2
456,457,3,4,5,6,7,5,5,6,6,7,2,3,4,5,6,5,6,7,7,7,6,5,4,3,2
457,458,2,3,4,5,6,3,4,5,6,7,4,5,6,7,7,2,3,4,5,6,5,5,4,3,3
458,459,5,5,5,6,7,3,4,5,6,7,2,3,4,5,6,5,6,7,7,7,6,5,4,2,2
459,460,5,5,5,6,7,5,5,6,6,7,4,5,6,7,7,4,5,6,7,7,6,5,4,3,3
460,461,3,4,5,6,7,1,2,3,4,5,2,3,4,5,6,5,6,7,7,7,5,4,3,2,2
461,462,3,4,5,6,7,3,4,5,6,7,3,4,5,6,7,1,2,3,4,5,4,4,4,3,3
462,463,5,5,5,6,7,3,4,5,6,7,3,4,5,6,7,4,5,6,7,7,6,5,4,3,3
463,464,2,3,4,5,6,1,2,3,4,5,1,2,3,4,5,3,4,5,6,7,6,5,4,3,2
464,465,5,5,5,6,7,1,2,3,4,5,4,5,6,7,7,5,6,7,7,7,5,4,4,3,3
465,466,3,4,5,6,7,1,2,3,4,5,2,3,4,5,6,2,3,4,5,6,5,4,4,2,2
466,467,1,2,3,4,5,1,2,3,4,5,5,6,6,7,7,5,6,7,7,7,5,4,4,3,3
467,468,2,3,4,5,6,5,5,6,6,7,1,2,3,4,5,3,4,5,6,7,6,6,4,3,3
468,469,5,5,5,6,7,4,5,6,6,7,5,6,6,7,7,1,2,3,4,5,4,4,4,3,3
469,470,5,5,5,6,7,4,5,6,6,7,4,5,6,7,7,4,5,6,7,6,5,4,3,3,3
470,471,2,3,4,5,6,1,2,3,4,5,5,6,6,7,7,6,6,7,7,7,5,4,4,3,3
471,472,2,3,4,5,6,2,3,4,5,6,5,6,6,7,7,2,3,4,4,6,5,5,4,3,3
472,473,2,3,4,5,6,5,5,6,6,7,1,2,3,4,5,1,2,3,4,5,4,4,4,2,2
473,474,4,5,5,6,7,1,2,3,4,5,5,6,6,7,7,1,2,3,4,5,4,4,4,3,3
474,475,4,5,5,6,7,2,3,4,5,6,4,5,6,7,7,1,2,3,4,5,4,4,4,3,3
475,476,1,2,3,4,5,1,2,3,4,5,3,4,5,6,7,3,4,5,6,7,6,5,4,3,3
476,477,1,2,3,4,5,2,3,4,5,6,1,2,3,4,5,5,6,7,7,7,6,5,3,2,2
477,478,3,4,5,6,7,5,5,6,6,7,3,4,5,6,7,1,2,3,4,5,4,4,4,3,3
478,479,2,3,4,5,6,5,5,6,6,7,4,5,6,7,7,2,3,4,5,6,5,5,5,3,3
479,480,5,5,5,6,7,1,2,3,4,5,3,4,5,6,7,3,4,5,6,7,6,5,4,3,3
480,481,4,5,5,6,7,3,4,5,6,7,1,2,3,4,5,6,6,7,7,7,6,5,3,2,2
481,482,5,5,5,6,7,5,5,6,6,7,4,5,6,7,7,6,6,7,7,7,6,5,4,3,3
482,483,2,3,4,5,6,4,5,6,6,7,5,6,6,7,7,3,4,5,6,7,6,5,5,4,4
483,484,2,3,4,5,6,1,2,3,4,5,3,4,5,6,7,1,2,3,4,5,4,4,3,2,3
484,485,2,3,4,5,6,4,5,6,6,7,1,2,3,4,5,3,4,5,6,7,6,5,4,3,3
485,486,4,5,5,6,7,5,5,6,6,7,5,6,6,7,7,5,6,7,7,7,6,5,4,3,3
486,487,4,5,5,6,7,5,5,6,6,7,1,2,3,4,5,3,4,5,6,7,6,5,4,3,3
487,488,2,3,4,5,6,2,3,4,5,6,3,4,5,6,7,4,5,6,7,7,6,5,4,3,3
488,489,3,4,5,6,7,5,5,6,6,7,4,5,6,7,7,1,2,3,4,5,4,4,4,3,3
489,490,1,2,3,4,5,1,2,3,4,5,5,6,6,7,7,4,5,6,7,7,6,5,4,3,3
490,491,1,2,3,4,5,4,5,6,6,7,5,6,6,7,7,1,2,3,4,5,4,4,4,3,3
491,492,3,4,5,6,7,5,5,6,6,7,3,4,5,6,7,1,2,3,4,5,4,4,4,3,3
492,493,2,3,4,5,6,1,2,3,4,5,3,4,5,6,7,2,3,4,5,6,5,4,4,3,3
493,494,1,2,3,4,5,1,2,3,4,5,5,6,6,7,7,1,2,3,4,5,4,4,4,3,3
494,495,4,5,5,6,7,2,3,4,5,6,5,6,6,7,7,1,2,3,4,5,4,4,4,3,3
495,496,4,5,5,6,7,3,4,5,6,7,3,4,5,6,7,4,5,6,7,7,6,5,4,3,3
496,497,4,5,5,6,7,2,3,4,5,6,3,4,5,6,7,2,3,4,5,6,5,4,4,3,3
497,498,5,5,5,6,7,2,3,4,5,6,5,6,6,7,7,4,5,6,7,7,6,5,4,3,3
498,499,3,4,5,6,7,1,2,3,4,5,2,3,4,5,6,4,5,6,7,6,5,4,3,2,2
499,500,3,4,5,6,7,3,4,5,6,7,3,4,5,6,7,3,4,5,6,7,6,5,5,3,3
500,501,1,2,3,4,5,2,3,4,5,6,4,5,6,7,7,2,3,4,5,6,5,5,4,3,3
501,502,5,5,5,6,7,1,2,3,4,5,3,4,5,6,7,2,3,4,5,6,5,4,4,3,3
502,503,3,4,5,6,7,2,3,4,5,6,2,3,4,5,6,3,4,5,6,7,6,5,4,3,3
503,504,2,3,4,5,6,1,2,3,4,5,3,4,5,6,7,2,3,4,5,6,5,4,4,3,3
504,505,3,4,5,6,7,1,2,3,4,5,5,6,6,7,7,1,2,3,4,5,4,4,4,3,3
505,506,5,5,5,6,7,5,5,6,6,7,3,4,5,6,7,4,5,6,7,7,6,5,4,3,3
506,507,5,5,5,6,7,2,3,4,5,6,4,5,6,7,7,5,6,7,7,7,5,5,4,3,3
507,508,1,2,3,4,5,5,5,6,6,7,2,3,4,5,6,5,6,7,7,7,6,5,4,3,2
508,509,5,5,5,6,7,2,3,4,5,6,1,2,3,4,5,4,5,6,7,7,6,5,4,2,2
509,510,2,3,4,5,6,5,5,6,6,7,3,4,5,6,7,6,6,7,7,7,6,5,4,3,3
510,511,5,5,5,6,7,1,2,3,4,5,4,5,6,7,7,3,4,5,6,7,6,5,4,3,3
511,512,5,5,5,6,7,4,5,6,6,7,4,5,6,7,7,2,3,4,5,6,5,5,4,3,3
512,513,4,5,5,6,7,1,2,3,4,5,2,3,4,5,6,1,2,3,4,5,4,3,3,2,2
513,514,4,5,5,6,7,2,3,4,5,6,2,3,4,5,6,5,6,7,7,7,5,4,3,2,2
514,515,4,5,5,6,7,3,4,5,6,7,4,5,6,7,7,2,3,4,5,6,5,5,4,3,3
515,516,2,3,4,5,6,4,5,6,6,7,4,5,6,7,7,5,6,7,7,7,6,5,4,3,3
516,517,4,5,5,6,7,4,5,6,6,7,2,3,4,5,6,3,4,5,6,7,6,5,5,3,3
517,518,5,5,5,6,7,5,5,6,6,7,1,2,3,4,5,5,6,7,7,7,6,5,4,2,2
518,519,2,3,4,5,6,3,4,5,6,7,2,3,4,5,6,4,5,6,7,7,6,5,4,3,3
519,520,3,4,5,6,7,1,2,3,4,5,2,3,4,5,6,4,5,6,7,7,6,5,4,2,2
520,521,5,5,5,6,7,4,5,6,6,7,5,6,6,7,7,4,5,6,7,7,6,5,4,3,3
521,522,1,2,3,4,5,2,3,4,5,6,4,5,6,7,7,5,6,7,7,7,5,5,4,3,3
522,523,2,3,4,5,6,4,5,6,6,7,1,2,3,4,5,1,2,3,4,5,4,4,4,2,2
523,524,3,4,5,6,7,1,2,3,4,5,2,3,4,5,6,2,3,4,5,6,5,4,4,2,2
524,525,4,5,5,6,7,2,3,4,5,6,4,5,6,7,7,2,3,4,5,6,5,4,4,3,3
525,526,1,2,3,4,5,3,4,5,6,7,2,3,4,5,6,5,6,7,7,7,6,5,4,3,2
526,527,3,4,5,6,7,1,2,3,4,5,3,4,5,6,7,6,6,7,7,7,5,4,3,3,2
527,528,5,5,5,6,7,4,5,6,6,7,2,3,4,5,6,5,6,7,7,7,6,5,4,3,2
528,529,1,2,3,4,5,2,3,4,5,6,2,3,4,5,6,4,5,6,7,7,6,5,4,3,3
529,530,2,3,4,5,6,4,5,6,6,7,4,5,6,7,7,6,6,7,7,7,6,5,4,3,3
530,531,2,3,4,5,6,2,3,4,5,6,2,3,4,5,6,3,4,5,6,7,6,5,4,3,3
531,532,1,2,3,4,5,5,5,6,6,7,1,2,3,4,5,4,5,6,6,7,6,5,4,3,3
532,533,4,5,5,6,7,4,5,6,6,7,2,3,4,5,6,1,2,3,4,5,4,4,4,2,3
533,534,1,2,3,4,5,2,3,4,5,6,2,3,4,5,6,1,2,3,4,5,4,4,4,2,3
534,535,3,4,5,6,7,4,5,6,6,7,4,5,6,7,7,6,6,7,7,7,6,5,4,3,3
535,536,3,4,5,6,7,1,2,3,4,5,2,3,4,5,6,1,2,3,4,5,4,3,3,2,2
536,537,1,2,3,4,5,1,2,3,4,5,3,4,5,6,7,4,5,6,7,7,6,5,4,3,3
537,538,5,5,5,6,7,4,5,6,6,7,5,6,6,7,7,1,2,3,4,5,4,4,4,3,3
538,539,1,2,3,4,5,5,5,6,6,7,5,6,6,7,7,5,6,7,7,7,6,5,4,3,3
539,540,1,2,3,4,5,3,4,5,6,7,3,4,5,6,7,4,5,6,7,7,6,5,4,3,3
540,541,1,2,3,4,5,1,2,3,4,5,5,6,6,7,7,2,3,4,5,6,5,4,4,3,3
541,542,5,5,5,6,7,4,5,6,6,7,3,4,5,6,7,1,2,3,4,5,4,4,4,3,3
542,543,5,5,5,6,7,4,5,6,6,7,3,4,5,6,7,6,6,7,7,7,6,5,4,3,3
543,544,5,5,5,6,7,1,2,3,4,5,1,2,3,4,5,2,3,4,5,6,5,4,3,2,2
544,545,4,5,5,6,7,2,3,4,5,6,3,4,5,6,7,1,2,3,4,5,4,4,4,2,3
545,546,3,4,5,6,7,4,5,6,6,7,4,5,6,7,7,6,6,7,7,7,6,5,4,3,3
546,547,4,5,5,6,7,3,4,5,6,7,3,4,5,6,7,4,5,6,7,7,6,5,4,3,3
547,548,3,4,5,6,7,4,5,6,6,7,3,4,5,6,7,3,4,5,6,7,6,5,5,3,3
548,549,5,5,5,6,7,1,2,3,4,5,1,2,3,4,5,1,2,3,4,5,4,4,3,2,2
549,550,3,4,5,6,7,2,3,4,5,6,5,6,6,7,7,3,4,5,6,7,6,5,5,4,3
550,551,3,4,5,6,7,5,5,6,6,7,5,6,6,7,7,6,6,7,7,7,6,5,4,3,3
551,552,5,5,5,6,7,3,4,5,6,7,3,4,5,6,7,1,2,3,4,5,4,4,4,3,3
552,553,3,4,5,6,7,3,4,5,6,7,3,4,5,6,7,1,2,3,4,5,4,4,4,3,3
553,554,2,3,4,5,6,4,5,6,6,7,1,2,3,4,5,5,6,7,7,7,6,5,4,2,2
554,555,5,5,5,6,7,5,5,6,6,7,1,2,3,4,5,1,2,3,4,5,4,4,4,2,2
555,556,2,3,4,5,6,4,5,6,6,7,5,6,6,7,7,1,2,3,4,5,4,4,4,3,3
556,557,2,3,4,5,6,3,4,5,6,7,1,2,3,4,5,3,4,5,6,7,6,5,4,3,3
557,558,1,2,3,4,5,2,3,4,5,6,3,4,5,6,7,5,6,7,7,7,5,5,4,3,3
558,559,4,5,5,6,7,2,3,4,5,6,5,6,6,7,7,2,3,4,5,6,5,4,4,3,3
559,560,2,3,4,5,6,5,5,6,6,7,2,3,4,5,6,3,4,5,6,7,6,5,5,3,3
560,561,5,5,5,6,7,3,4,5,6,7,1,2,3,4,5,2,3,4,5,6,5,5,4,3,2
561,562,2,3,4,5,6,5,5,6,6,7,4,5,6,7,7,3,4,5,6,7,6,6,5,4,4
562,563,4,5,5,6,7,5,5,6,6,7,4,5,6,7,7,6,6,7,7,7,6,5,4,3,3
563,564,2,3,4,5,6,1,2,3,4,5,4,5,6,7,7,2,3,4,5,6,5,4,4,3,3
564,565,3,4,5,6,7,3,4,5,6,7,4,5,6,7,7,1,2,3,4,5,4,4,4,3,3
565,566,1,2,3,4,5,1,2,3,4,5,5,6,6,7,7,1,2,3,4,5,4,4,4,3,3
566,567,2,3,4,5,6,2,3,4,5,6,4,5,6,7,7,5,6,7,7,7,5,5,4,3,3
567,568,4,5,5,6,7,2,3,4,5,6,4,5,6,7,7,5,6,7,7,7,5,5,4,3,3
568,569,2,3,4,5,6,1,2,3,4,5,2,3,4,5,6,6,6,7,7,7,5,4,3,2,2
569,570,2,3,4,5,6,3,4,5,6,7,3,4,5,6,7,5,6,7,7,7,6,5,4,3,3
570,571,1,2,3,4,5,3,4,5,6,7,2,3,4,5,6,1,2,3,4,5,4,4,4,3,3
571,572,3,4,5,6,7,1,2,3,4,5,2,3,4,5,6,5,6,7,7,7,5,4,3,2,2
572,573,1,2,3,4,5,3,4,5,6,7,1,2,3,4,5,6,6,7,7,7,6,5,4,3,2
573,574,4,5,5,6,7,1,2,3,4,5,1,2,3,4,5,3,4,5,6,7,6,5,4,3,2
574,575,5,5,5,6,7,5,5,6,6,7,5,6,6,7,7,3,4,5,6,7,6,5,5,4,4
575,576,4,5,5,6,7,5,5,6,6,7,1,2,3,4,5,5,6,7,7,7,6,5,4,2,2
576,577,1,2,3,4,5,1,2,3,4,5,5,6,6,7,7,2,3,4,5,6,5,4,4,3,3
577,578,3,4,5,6,7,3,4,5,6,7,3,4,5,6,7,4,5,6,7,7,6,5,4,3,3
578,579,5,5,5,6,7,4,5,6,6,7,3,4,5,6,7,6,6,7,7,7,6,5,4,3,3
579,580,2,3,4,5,6,1,2,3,4,5,5,6,6,7,7,5,6,7,7,7,5,4,4,3,3
580,581,4,5,5,6,7,5,5,6,6,7,1,2,3,4,5,4,5,6,7,7,6,5,4,3,2
581,582,3,4,5,6,7,2,3,4,5,6,1,2,3,4,5,5,6,7,7,7,5,4,3,2,2
582,583,1,2,3,4,5,1,2,3,4,5,2,3,4,5,6,5,6,7,7,7,5,4,3,2,2
583,584,3,4,5,6,7,1,2,3,4,5,3,4,5,6,7,4,5,6,7,6,5,3,3,2,2
584,585,1,2,3,4,5,3,4,5,6,7,4,5,6,7,7,1,2,3,4,5,4,4,4,3,3
585,586,5,5,5,6,7,1,2,3,4,5,1,2,3,4,5,4,5,6,7,7,6,5,3,2,2
586,587,4,5,5,6,7,2,3,4,5,6,2,3,4,5,6,4,5,6,7,7,6,5,4,3,2
587,588,2,3,4,5,6,3,4,5,6,7,4,5,6,7,7,1,2,3,4,5,4,4,4,3,3
588,589,4,5,5,6,7,1,2,3,4,5,3,4,5,6,7,2,3,4,5,6,5,4,4,3,3
589,590,3,4,5,6,7,1,2,3,4,5,5,6,6,7,7,2,3,4,5,6,5,4,4,3,3
590,591,2,3,4,5,6,5,5,6,6,7,4,5,6,7,7,4,5,6,7,6,5,4,4,3,3
591,592,4,5,5,6,7,1,2,3,4,5,5,6,6,7,7,1,2,3,4,5,4,4,4,3,3
592,593,2,3,4,5,6,1,2,3,4,5,1,2,3,4,5,1,2,3,4,5,4,4,3,2,2
593,594,4,5,5,6,7,1,2,3,4,5,5,6,6,7,7,4,5,6,7,7,5,5,4,3,3
594,595,5,5,5,6,7,3,4,5,6,7,3,4,5,6,7,5,6,7,7,7,6,5,4,3,3
595,596,2,3,4,5,6,3,4,5,6,7,4,5,6,7,7,2,3,4,5,6,5,5,4,3,3
596,597,1,2,3,4,5,4,5,6,6,7,3,4,5,6,7,5,6,7,7,7,6,5,4,3,3
597,598,4,5,5,6,7,3,4,5,6,7,5,6,6,7,7,3,4,5,6,7,6,5,5,4,4
598,599,4,5,5,6,7,3,4,5,6,7,3,4,5,6,7,4,5,6,7,6,5,4,3,2,2
599,600,1,2,3,4,5,2,3,4,5,6,1,2,3,4,5,6,6,7,7,7,6,5,3,2,2
600,601,4,5,5,6,7,1,2,3,4,5,2,3,4,5,6,5,6,7,7,7,5,4,3,2,2
601,602,4,5,5,6,7,2,3,4,5,6,3,4,5,6,7,3,4,5,6,7,6,5,4,3,3
602,603,3,4,5,6,7,5,5,6,6,7,2,3,4,5,6,2,3,4,5,6,5,5,4,3,3
603,604,3,4,5,6,7,2,3,4,5,6,4,5,6,7,7,3,4,5,6,7,6,5,5,3,3
604,605,5,5,5,6,7,1,2,3,4,5,1,2,3,4,5,5,6,6,7,7,6,5,3,2,2
605,606,2,3,4,5,6,5,5,6,6,7,1,2,3,4,5,4,5,6,7,7,6,5,4,3,2
606,607,3,4,5,6,7,5,5,6,6,7,3,4,5,6,7,1,2,3,4,5,4,4,4,3,3
607,608,5,5,5,6,7,4,5,6,6,7,4,5,6,7,7,2,3,4,5,6,5,5,4,3,3
608,609,3,4,5,6,7,3,4,5,6,7,1,2,3,4,5,4,5,6,7,7,6,5,4,3,2
609,610,2,3,4,5,6,3,4,5,6,7,3,4,5,6,7,3,4,5,6,7,6,5,5,3,3
610,611,3,4,5,6,7,5,5,6,6,7,5,6,6,7,7,6,6,7,7,7,6,5,4,3,3
611,612,3,4,5,6,7,4,5,6,6,7,5,6,6,7,7,2,3,4,4,6,5,5,5,3,3
612,613,5,5,5,6,7,1,2,3,4,5,3,4,5,6,7,1,2,3,4,5,4,3,3,2,3
613,614,2,3,4,5,6,5,5,6,6,7,2,3,4,5,6,1,2,3,4,5,4,4,4,2,3
614,615,4,5,5,6,7,1,2,3,4,5,4,5,6,7,7,2,3,4,5,6,5,4,4,3,3
615,616,1,2,3,4,5,3,4,5,6,7,5,6,6,7,7,5,6,7,7,7,6,5,4,3,3
616,617,2,3,4,5,6,2,3,4,5,6,4,5,6,7,7,5,6,6,7,7,6,5,4,3,3
617,618,5,5,5,6,7,2,3,4,5,6,2,3,4,5,6,2,3,4,5,6,5,4,4,3,3
618,619,5,5,5,6,7,5,5,6,6,7,3,4,5,6,7,1,2,3,4,5,4,4,4,3,3
619,620,2,3,4,5,6,1,2,3,4,5,1,2,3,4,5,4,5,6,7,7,6,5,4,2,2
620,621,5,5,5,6,7,4,5,6,6,7,1,2,3,4,5,5,6,7,7,7,6,5,4,2,2
621,622,1,2,3,4,5,4,5,6,6,7,1,2,3,4,5,1,2,3,4,5,4,4,4,2,2
622,623,5,5,5,6,7,3,4,5,6,7,3,4,5,6,7,5,6,7,7,7,6,5,4,3,3
623,624,4,5,5,6,7,2,3,4,5,6,2,3,4,5,6,3,4,5,6,7,6,5,4,3,3
624,625,1,2,3,4,5,4,5,6,6,7,5,6,6,7,7,1,2,3,4,5,4,4,4,3,3
625,626,1,2,3,4,5,1,2,3,4,5,5,6,6,7,7,2,3,4,5,6,5,4,4,3,3
626,627,3,4,5,6,7,1,2,3,4,5,3,4,5,6,7,4,5,6,7,7,6,5,4,3,3
627,628,5,5,5,6,7,1,2,3,4,5,1,2,3,4,5,1,2,3,4,5,4,4,3,2,2
628,629,3,4,5,6,7,2,3,4,5,6,4,5,6,7,7,2,3,4,5,6,5,4,4,3,3
629,630,1,2,3,4,5,1,2,3,4,5,1,2,3,4,5,4,5,6,7,7,6,5,4,2,2
630,631,3,4,5,6,7,2,3,4,5,6,4,5,6,7,7,4,5,6,7,7,6,5,4,3,3
631,632,4,5,5,6,7,4,5,6,6,7,4,5,6,7,7,5,6,7,7,7,6,5,4,3,3
632,633,1,2,3,4,5,5,5,6,6,7,3,4,5,6,7,5,6,7,7,7,6,5,4,3,3
633,634,2,3,4,5,6,3,4,5,6,7,3,4,5,6,7,1,2,3,4,5,4,4,4,3,3
634,635,4,5,5,6,7,1,2,3,4,5,3,4,5,6,7,2,3,4,5,6,5,4,4,3,3
635,636,4,5,5,6,7,5,5,6,6,7,4,5,6,7,7,6,6,7,7,7,6,5,4,3,3
636,637,1,2,3,4,5,1,2,3,4,5,2,3,4,5,6,4,5,6,7,7,6,5,4,3,2
637,638,5,5,5,6,7,1,2,3,4,5,2,3,4,5,6,1,2,3,4,5,4,3,3,2,2
638,639,1,2,3,4,5,3,4,5,6,7,2,3,4,5,6,4,5,6,7,7,6,5,4,3,3
639,640,3,4,5,6,7,5,5,6,6,7,4,5,6,7,7,3,4,5,6,7,6,5,5,4,3
640,641,1,2,3,4,5,4,5,6,6,7,4,5,6,7,7,3,4,5,6,7,6,6,5,4,4
641,642,1,2,3,4,5,3,4,5,6,7,4,5,6,7,7,1,2,3,4,5,4,4,4,3,3
642,643,1,2,3,4,5,1,2,3,4,5,3,4,5,6,7,2,3,4,5,6,5,4,4,3,3
643,644,5,5,5,6,7,3,4,5,6,7,4,5,6,7,7,3,4,5,6,7,6,5,5,4,3
644,645,2,3,4,5,6,4,5,6,6,7,4,5,6,7,7,6,6,7,7,7,6,5,4,3,3
645,646,2,3,4,5,6,5,5,6,6,7,5,6,6,7,7,4,5,6,7,7,6,5,5,3,3
646,647,5,5,5,6,7,1,2,3,4,5,5,6,6,7,7,4,5,6,7,7,5,5,4,3,3
647,648,3,4,5,6,7,4,5,6,6,7,4,5,6,7,7,3,4,5,6,7,6,5,5,4,3
648,649,5,5,5,6,7,5,5,6,6,7,5,6,6,7,7,4,5,6,7,7,6,5,4,3,3
649,650,2,3,4,5,6,5,5,6,6,7,1,2,3,4,5,4,5,6,7,7,6,5,4,3,2
650,651,4,5,5,6,7,3,4,5,6,7,2,3,4,5,6,3,4,5,6,7,6,5,4,3,3
651,652,3,4,5,6,7,5,5,6,6,7,4,5,6,7,7,1,2,3,4,5,4,4,4,3,3
652,653,5,5,5,6,7,2,3,4,5,6,4,5,6,7,7,2,3,4,5,6,5,4,4,3,3
653,654,4,5,5,6,7,3,4,5,6,7,1,2,3,4,5,6,6,7,7,7,6,5,3,2,2
654,655,5,5,5,6,7,1,2,3,4,5,5,6,6,7,7,5,6,7,7,7,5,4,4,3,3
655,656,5,5,5,6,7,2,3,4,5,6,2,3,4,5,6,3,4,5,6,7,6,5,4,3,3
656,657,3,4,5,6,7,2,3,4,5,6,5,6,6,7,7,3,4,5,5,7,6,5,5,4,4
657,658,1,2,3,4,5,5,5,6,6,7,2,3,4,5,6,4,5,6,7,6,5,4,3,2,2
658,659,5,5,5,6,7,3,4,5,6,7,2,3,4,5,6,5,6,7,7,7,6,5,4,2,2
659,660,5,5,5,6,7,2,3,4,5,6,3,4,5,6,7,3,4,5,6,7,6,5,4,3,3
660,661,1,2,3,4,5,3,4,5,6,7,2,3,4,5,6,1,2,3,4,5,4,4,4,3,3
661,662,1,2,3,4,5,4,5,6,6,7,4,5,6,7,7,4,5,6,7,7,6,5,5,3,3
662,663,2,3,4,5,6,2,3,4,5,6,2,3,4,5,6,2,3,4,5,6,5,4,4,3,3
663,664,1,2,3,4,5,2,3,4,5,6,1,2,3,4,5,3,4,5,6,7,6,5,4,3,3
664,665,3,4,5,6,7,2,3,4,5,6,3,4,5,6,7,2,3,4,5,6,5,4,4,3,3
665,666,5,5,5,6,7,4,5,6,6,7,4,5,6,7,7,3,4,5,6,7,6,5,5,4,3
666,667,3,4,5,6,7,2,3,4,5,6,1,2,3,4,5,4,5,6,7,7,6,5,4,2,2
667,668,3,4,5,6,7,3,4,5,6,7,3,4,5,6,7,6,6,7,7,7,6,5,4,3,3
668,669,5,5,5,6,7,5,5,6,6,7,1,2,3,4,5,3,4,5,6,7,6,5,4,3,3
669,670,2,3,4,5,6,4,5,6,6,7,4,5,6,7,7,4,5,6,7,7,6,5,4,3,3
670,671,3,4,5,6,7,1,2,3,4,5,5,6,6,7,7,3,4,5,6,7,6,5,4,3,3
671,672,5,5,5,6,7,2,3,4,5,6,5,6,6,7,7,4,5,6,7,7,6,5,4,3,3
672,673,4,5,5,6,7,5,5,6,6,7,4,5,6,7,7,1,2,3,4,5,4,4,4,3,3
673,674,1,2,3,4,5,5,5,6,6,7,2,3,4,5,6,4,5,6,7,7,6,5,4,3,3
674,675,1,2,3,4,5,1,2,3,4,5,4,5,6,7,7,4,5,6,7,7,6,5,4,3,3
675,676,2,3,4,5,6,2,3,4,5,6,3,4,5,6,7,5,6,7,7,7,5,5,4,3,2
676,677,2,3,4,5,6,4,5,6,6,7,5,6,6,7,7,6,6,7,7,7,6,5,4,3,3
677,678,4,5,5,6,7,3,4,5,6,7,2,3,4,5,6,1,2,3,4,5,4,4,4,2,3
678,679,3,4,5,6,7,4,5,6,6,7,5,6,6,7,7,5,6,7,7,7,5,5,4,3,3
679,680,2,3,4,5,6,4,5,6,6,7,2,3,4,5,6,5,6,7,7,7,6,5,4,3,2
680,681,4,5,5,6,7,2,3,4,5,6,1,2,3,4,5,1,2,3,4,5,4,4,3,2,2
681,682,1,2,3,4,5,5,5,6,6,7,5,6,6,7,7,6,6,7,7,7,6,5,4,3,3
682,683,2,3,4,5,6,1,2,3,4,5,5,6,6,7,7,1,2,3,4,5,4,4,4,3,3
683,684,5,5,5,6,7,3,4,5,6,7,3,4,5,6,7,6,6,7,7,7,6,5,4,3,3
684,685,5,5,5,6,7,4,5,6,6,7,4,5,6,7,7,4,5,6,7,7,6,5,4,3,3
685,686,1,2,3,4,5,2,3,4,5,6,4,5,6,7,7,3,4,5,6,7,6,5,5,4,3
686,687,2,3,4,5,6,3,4,5,6,7,5,6,6,7,7,5,6,6,7,7,6,5,4,3,3
687,688,5,5,5,6,7,2,3,4,5,6,1,2,3,4,5,5,6,7,7,7,5,5,3,2,2
688,689,1,2,3,4,5,2,3,4,5,6,5,6,6,7,7,5,6,7,7,7,5,5,4,3,3
689,690,3,4,5,6,7,3,4,5,6,7,3,4,5,6,7,3,4,5,6,7,6,5,5,3,3
690,691,2,3,4,5,6,3,4,5,6,7,3,4,5,6,7,3,4,5,6,7,6,5,5,3,3
691,692,2,3,4,5,6,4,5,6,6,7,4,5,6,7,7,2,3,4,5,6,5,5,4,3,3
692,693,3,4,5,6,7,1,2,3,4,5,2,3,4,5,6,6,6,7,7,7,5,4,3,2,2
693,694,3,4,5,6,7,4,5,6,6,7,4,5,6,7,7,2,3,4,5,6,5,5,4,3,3
694,695,2,3,4,5,6,5,5,6,6,7,2,3,4,5,6,3,4,5,6,7,6,5,5,3,3
695,696,4,5,5,6,7,2,3,4,5,6,1,2,3,4,5,4,5,6,7,7,6,5,4,2,2
696,697,1,2,3,4,5,5,5,6,6,7,3,4,5,6,7,4,5,6,7,7,6,5,4,3,3
697,698,1,2,3,4,5,1,2,3,4,5,3,4,5,6,7,5,6,7,7,7,5,4,4,3,2
698,699,5,5,5,6,7,2,3,4,5,6,1,2,3,4,5,3,4,5,6,7,6,5,4,3,2
699,700,3,4,5,6,7,5,5,6,6,7,3,4,5,6,7,6,6,7,7,7,6,5,4,3,3
700,701,4,5,5,6,7,1,2,3,4,5,1,2,3,4,5,5,6,7,7,7,5,4,3,2,2
701,702,5,5,5,6,7,5,5,6,6,7,4,5,6,7,7,2,3,4,5,6,5,5,4,3,3
702,703,5,5,5,6,7,1,2,3,4,5,5,6,6,7,7,5,6,7,7,7,5,4,4,3,3
703,704,3,4,5,6,7,5,5,6,6,7,5,6,6,7,7,5,6,7,7,7,6,5,4,3,3
704,705,4,5,5,6,7,3,4,5,6,7,2,3,4,5,6,4,5,6,7,7,6,5,4,3,3
705,706,2,3,4,5,6,3,4,5,6,7,5,6,6,7,7,5,6,7,7,7,5,5,4,3,3
706,707,5,5,5,6,7,3,4,5,6,7,1,2,3,4,5,5,6,7,7,7,6,5,3,2,2
707,708,2,3,4,5,6,2,3,4,5,6,5,6,6,7,7,5,6,7,7,7,5,5,4,3,3
708,709,4,5,5,6,7,3,4,5,6,7,2,3,4,5,6,4,5,6,7,7,6,5,4,3,3
709,710,3,4,5,6,7,4,5,6,6,7,5,6,6,7,7,2,3,4,5,6,5,5,4,3,3
710,711,5,5,5,6,7,2,3,4,5,6,5,6,6,7,7,6,6,7,7,7,5,5,4,3,3
711,712,2,3,4,5,6,4,5,6,6,7,3,4,5,6,7,6,6,7,7,7,6,5,4,3,3
712,713,1,2,3,4,5,3,4,5,6,7,3,4,5,6,7,5,6,7,7,7,6,5,4,3,3
713,714,4,5,5,6,7,3,4,5,6,7,4,5,6,7,7,5,6,7,7,7,6,5,4,3,3
714,715,2,3,4,5,6,4,5,6,6,7,3,4,5,6,7,5,6,7,7,7,6,5,4,3,3
715,716,1,2,3,4,5,5,5,6,6,7,1,2,3,4,5,4,5,6,7,7,6,5,4,3,2
716,717,1,2,3,4,5,4,5,6,6,7,4,5,6,7,7,6,6,7,7,7,6,5,4,3,3
717,718,5,5,5,6,7,2,3,4,5,6,4,5,6,7,7,4,5,6,7,7,6,5,4,3,3
718,719,4,5,5,6,7,3,4,5,6,7,3,4,5,6,7,4,5,6,7,7,6,5,4,3,3
719,720,5,5,5,6,7,4,5,6,6,7,2,3,4,5,6,2,3,4,5,6,5,5,4,3,3
720,721,5,5,5,6,7,2,3,4,5,6,2,3,4,5,6,3,4,5,6,7,6,5,4,3,3
721,722,3,4,5,6,7,1,2,3,4,5,2,3,4,5,6,5,6,7,7,7,5,4,3,2,2
722,723,4,5,5,6,7,5,5,6,6,7,3,4,5,6,7,5,6,7,7,7,6,5,4,3,3
723,724,4,5,5,6,7,5,5,6,6,7,5,6,6,7,7,2,3,4,5,6,5,5,5,3,3
724,725,4,5,5,6,7,2,3,4,5,6,2,3,4,5,6,3,4,5,6,7,6,5,4,3,3
725,726,3,4,5,6,7,5,5,6,6,7,2,3,4,5,6,4,5,6,7,6,5,4,3,2,2
726,727,3,4,5,6,7,3,4,5,6,7,2,3,4,5,6,2,3,4,5,6,5,5,4,3,3
727,728,4,5,5,6,7,4,5,6,6,7,2,3,4,5,6,6,6,7,7,7,6,5,4,3,2
728,729,1,2,3,4,5,4,5,6,6,7,3,4,5,6,7,4,5,6,7,7,6,5,4,3,3
729,730,1,2,3,4,5,4,5,6,6,7,1,2,3,4,5,3,4,5,6,7,6,5,5,3,3
730,731,4,5,5,6,7,5,5,6,6,7,5,6,6,7,7,4,5,6,7,6,5,4,4,3,3
731,732,3,4,5,6,7,3,4,5,6,7,5,6,6,7,7,3,4,5,6,7,6,5,5,4,4
732,733,2,3,4,5,6,1,2,3,4,5,3,4,5,6,7,3,4,5,6,7,6,5,4,3,3
733,734,2,3,4,5,6,1,2,3,4,5,1,2,3,4,5,4,5,6,7,7,6,5,4,2,2
734,735,3,4,5,6,7,5,5,6,6,7,5,6,6,7,7,3,4,5,6,7,6,5,5,4,4
735,736,2,3,4,5,6,5,5,6,6,7,4,5,6,7,7,5,6,7,7,7,6,5,4,3,3
736,737,1,2,3,4,5,5,5,6,6,7,4,5,6,7,7,3,4,5,6,7,6,6,5,4,4
737,738,4,5,5,6,7,1,2,3,4,5,5,6,6,7,7,2,3,4,5,6,5,4,4,3,3
738,739,4,5,5,6,7,3,4,5,6,7,2,3,4,5,6,3,4,5,6,7,6,5,4,3,3
739,740,3,4,5,6,7,2,3,4,5,6,5,6,6,7,7,4,5,6,7,7,6,5,4,3,3
740,741,1,2,3,4,5,1,2,3,4,5,4,5,6,7,7,2,3,4,5,6,5,4,4,3,3
741,742,2,3,4,5,6,3,4,5,6,7,2,3,4,5,6,1,2,3,4,5,4,4,4,2,3
742,743,2,3,4,5,6,2,3,4,5,6,4,5,6,7,7,3,4,5,6,7,6,5,5,3,3
743,744,2,3,4,5,6,5,5,6,6,7,5,6,6,7,7,3,4,5,6,7,6,6,5,4,4
744,745,4,5,5,6,7,3,4,5,6,7,1,2,3,4,5,4,5,6,7,7,6,5,4,3,2
745,746,4,5,5,6,7,1,2,3,4,5,2,3,4,5,6,4,4,5,6,7,6,5,4,3,3
746,747,2,3,4,5,6,4,5,6,6,7,2,3,4,5,6,3,4,5,6,7,6,5,5,3,3
747,748,3,4,5,6,7,4,5,6,6,7,2,3,4,5,6,1,2,3,4,5,4,4,4,2,3
748,749,5,5,5,6,7,5,5,6,6,7,4,5,6,7,7,6,6,7,7,7,6,5,4,3,3
749,750,1,2,3,4,5,4,5,6,6,7,2,3,4,5,6,4,5,6,7,7,6,5,4,3,3
750,751,5,5,5,5,6,1,1,2,3,4,2,2,3,3,4,2,3,3,3,3,2,2,1,1,1
751,752,2,2,3,3,3,2,3,4,4,5,3,3,4,5,6,4,4,4,4,4,3,3,2,2,2
752,753,1,1,1,2,2,2,2,2,3,4,3,4,5,6,6,1,1,2,2,3,2,2,2,2,2
753,754,2,3,4,5,6,4,5,5,6,7,4,4,4,5,5,1,2,2,2,2,1,2,2,1,2
754,755,4,4,5,6,6,3,4,5,5,5,4,4,5,5,6,5,6,7,7,7,6,4,4,3,2
755,756,3,4,5,6,6,5,5,5,6,6,5,5,5,6,7,1,2,3,3,3,2,2,2,2,2
756,757,2,2,2,3,3,3,3,3,3,4,4,4,4,4,4,2,3,4,5,6,5,5,4,3,3
757,758,4,5,5,6,6,3,3,4,5,5,1,2,2,3,4,1,1,1,1,2,1,1,1,1,1
758,759,2,3,4,5,6,5,5,6,6,6,1,2,2,3,3,6,6,6,6,6,5,4,3,2,2
759,760,4,4,5,6,6,3,3,3,3,3,2,3,3,4,4,5,6,6,7,7,5,5,3,2,2
760,761,3,3,4,4,5,5,5,6,6,7,4,4,5,5,5,4,5,6,7,6,5,4,4,3,2
761,762,5,5,5,5,5,2,2,3,4,5,3,4,5,5,6,3,3,4,4,5,4,4,3,2,2
762,763,3,4,4,5,5,2,2,3,4,5,2,3,3,4,4,6,6,6,6,6,5,4,3,2,2
763,764,4,4,5,5,5,5,5,6,6,7,3,3,4,4,4,1,1,1,2,2,2,2,2,2,2
764,765,2,3,3,3,4,2,3,4,4,4,4,4,5,5,6,2,2,2,3,4,3,3,3,2,2
765,766,2,2,2,2,2,3,4,4,4,4,3,3,4,4,4,2,3,4,4,4,3,3,2,2,2
766,767,4,5,5,5,5,4,4,4,4,5,4,5,6,6,7,4,5,6,7,7,6,5,4,3,3
767,768,3,3,4,5,6,4,5,5,5,5,5,5,5,6,6,5,5,6,6,6,5,4,3,3,2
768,769,4,5,5,5,5,5,5,5,5,5,3,3,3,3,3,4,5,6,6,7,6,5,4,3,2
769,770,4,5,5,5,7,1,2,2,2,3,3,3,4,4,4,4,5,6,7,7,6,4,3,2,2
770,771,2,3,3,3,4,4,4,4,5,6,2,3,3,4,5,6,5,6,6,7,6,5,4,3,3
771,772,3,4,5,5,6,4,4,4,5,5,2,2,3,4,5,4,5,5,6,6,5,4,3,2,2
772,773,4,4,4,4,4,3,4,5,5,5,2,2,3,4,5,1,1,2,2,4,3,3,3,2,2
773,774,3,3,4,5,6,3,4,4,4,5,3,4,4,5,5,2,2,2,3,4,3,3,3,2,2
774,775,2,2,2,3,4,1,1,2,3,3,3,3,3,4,4,1,1,1,2,3,2,2,2,2,2
775,776,5,5,5,6,6,3,4,5,6,7,1,2,3,4,4,5,5,6,6,6,5,4,3,2,2
776,777,4,4,4,4,5,3,4,5,6,6,1,2,3,3,3,5,5,6,6,7,6,5,4,3,2
777,778,4,4,5,5,6,1,2,3,3,3,3,4,4,4,4,6,6,5,6,6,5,4,3,2,2
778,779,3,3,3,4,5,4,4,4,5,5,5,6,6,7,7,1,1,1,1,2,1,2,2,2,2
779,780,1,2,3,4,5,4,5,6,6,7,4,4,5,5,5,3,5,5,6,7,6,6,5,4,3
780,781,5,5,5,6,7,2,2,2,3,3,4,4,4,5,6,4,6,6,6,7,5,4,4,3,2
781,782,2,2,3,4,4,5,5,5,5,6,2,3,3,4,5,2,4,4,4,5,4,4,3,2,2
782,783,2,2,3,3,3,3,3,3,3,4,1,2,2,3,4,2,2,3,4,5,4,4,3,2,2
783,784,1,1,1,2,3,4,4,4,5,5,3,4,4,4,4,4,5,6,7,7,6,5,4,3,3
784,785,1,2,3,3,4,5,5,6,6,6,1,2,3,4,5,2,2,3,3,4,3,3,3,2,2
785,786,4,4,5,6,6,5,5,5,5,7,2,3,3,3,4,2,2,3,3,3,2,2,2,1,1
786,787,4,5,5,6,6,2,2,2,3,3,1,2,2,2,2,1,1,2,3,3,2,2,1,1,1
787,788,5,5,5,5,5,2,3,4,4,5,4,4,4,5,5,5,6,7,7,7,5,5,4,3,2
788,789,3,3,4,5,5,2,3,3,4,4,4,5,5,6,7,3,4,4,4,4,3,2,2,2,2
789,790,1,2,3,4,4,2,2,2,3,3,3,4,4,5,5,2,2,2,3,4,3,3,3,2,2
790,791,4,5,5,6,7,3,3,4,4,4,4,4,4,5,5,4,4,5,5,4,3,2,2,1,1
791,792,5,5,5,5,5,3,3,3,3,4,1,1,1,2,3,2,3,3,4,4,3,3,2,1,1
792,793,4,5,5,6,6,2,3,3,4,5,3,4,5,6,7,5,5,5,6,7,6,5,4,3,3
793,794,3,4,4,5,6,4,5,6,6,6,1,1,2,2,3,3,3,4,4,6,5,5,4,3,2
794,795,3,3,4,5,5,4,5,6,6,7,5,5,6,7,7,3,4,4,4,5,4,4,4,3,3
795,796,1,1,2,2,2,1,1,2,2,2,1,2,2,2,3,5,5,6,6,6,5,4,3,2,1
796,797,3,3,3,3,3,2,2,3,3,4,5,6,6,7,7,1,1,1,2,2,1,1,2,2,2
797,798,4,5,5,5,7,5,5,5,5,6,3,4,4,4,4,6,6,7,7,7,6,5,4,3,2
798,799,2,2,2,2,2,2,3,3,3,3,4,4,4,4,4,3,4,5,5,5,4,3,3,2,2
799,800,5,5,5,6,7,3,4,5,6,7,3,3,3,3,4,5,6,7,7,7,6,5,4,3,2
800,801,3,3,4,5,5,2,3,4,4,4,3,3,4,5,5,2,3,4,4,5,4,3,3,2,2
801,802,5,5,5,6,7,5,5,5,5,5,4,5,5,6,6,4,4,5,5,6,5,4,4,3,3
802,803,5,5,5,6,7,3,3,4,4,4,4,4,5,5,6,6,6,7,7,7,6,4,4,3,2
803,804,4,4,4,4,5,3,4,5,5,5,4,4,4,4,4,2,3,3,4,4,3,3,3,2,2
804,805,5,5,5,5,5,2,2,2,2,3,2,2,3,3,4,1,2,3,4,5,4,3,3,2,2
805,806,2,3,3,3,3,4,4,5,6,7,5,6,6,7,7,1,1,1,2,2,2,2,2,2,3
806,807,4,5,5,6,6,3,4,4,4,4,4,5,6,6,7,4,6,6,6,6,4,4,3,2,2
807,808,1,1,2,2,2,1,1,2,2,2,3,4,4,5,6,3,3,3,4,5,4,3,3,2,2
808,809,3,3,3,4,4,4,5,5,5,6,3,4,5,6,6,1,1,1,1,2,1,2,2,2,2
809,810,4,5,5,5,5,3,4,5,6,7,1,1,1,2,2,4,5,6,7,7,6,5,4,3,2
810,811,4,4,5,5,6,1,2,3,3,4,3,4,5,6,7,3,4,5,5,6,4,4,3,2,2
811,812,3,4,4,5,6,3,4,4,4,4,1,1,2,3,4,5,6,7,7,7,5,4,3,2,1
812,813,3,4,5,5,5,1,2,2,3,3,4,4,5,5,6,1,2,2,2,2,1,1,1,1,1
813,814,1,1,2,3,3,4,4,4,4,5,5,5,6,6,7,4,5,6,6,6,5,4,4,3,3
814,815,1,1,1,1,1,5,5,6,6,7,2,2,2,2,2,3,3,3,4,3,3,3,2,2,1
815,816,1,2,2,2,3,4,4,4,4,4,1,1,2,2,2,5,6,7,7,7,6,5,3,2,2
816,817,3,3,3,3,4,3,3,4,4,4,5,5,6,6,6,4,4,5,6,6,5,4,4,3,3
817,818,4,5,5,5,5,2,2,2,3,3,5,6,6,7,7,1,1,2,2,2,1,1,1,1,2
818,819,4,5,5,6,7,4,4,5,5,6,2,3,4,5,6,6,6,6,6,6,5,4,3,2,2
819,820,4,4,4,5,6,3,4,4,5,5,4,4,4,4,4,1,2,3,3,4,3,3,3,2,2
820,821,1,1,2,3,4,5,5,6,6,7,4,4,5,5,6,1,1,2,3,3,3,3,3,2,2
821,822,5,5,5,5,7,5,5,6,6,7,5,6,6,7,7,6,5,6,7,7,6,5,4,4,3
822,823,5,5,5,6,7,4,4,5,5,6,5,5,6,6,7,5,6,6,7,7,6,5,4,3,3
823,824,3,4,4,5,5,3,4,4,5,6,1,2,3,4,5,3,3,4,4,5,4,4,3,2,2
824,825,3,4,5,6,6,5,5,5,5,5,1,1,2,2,2,1,1,2,3,3,3,2,2,1,1
825,826,2,2,3,3,4,4,4,5,5,6,4,5,6,7,7,5,4,6,5,6,5,4,4,3,3
826,827,4,4,4,4,5,4,5,5,6,7,5,5,5,5,5,6,6,7,7,7,6,5,4,3,3
827,828,5,5,5,6,6,3,4,4,4,5,5,6,6,6,6,3,4,4,5,6,5,4,4,3,3
828,829,5,5,5,5,7,4,5,6,6,7,1,2,2,2,3,2,3,4,4,6,5,5,4,3,2
829,830,2,2,3,4,5,2,3,3,4,4,3,4,4,5,6,5,5,6,6,6,5,4,3,2,2
830,831,5,5,5,5,6,5,5,5,5,5,3,4,4,5,6,6,6,6,6,6,5,4,3,2,2
831,832,3,4,4,5,6,1,1,2,2,2,1,1,1,2,2,4,5,5,6,6,5,4,2,2,1
832,833,2,2,2,3,4,5,5,6,6,6,4,5,5,5,6,5,5,6,7,7,6,5,4,4,3
833,834,4,5,5,5,5,1,1,2,2,2,4,5,6,7,7,1,2,2,2,2,1,1,1,1,1
834,835,1,1,1,1,1,2,2,3,4,4,5,5,6,6,7,2,3,4,4,5,4,4,4,3,3
835,836,1,1,1,2,2,5,5,6,6,7,3,4,5,6,7,3,4,4,4,5,4,4,4,3,3
836,837,2,2,3,3,4,5,5,5,5,5,5,6,6,6,6,1,2,3,4,5,4,4,4,3,3
837,838,3,3,4,5,6,3,4,4,5,5,2,3,3,3,3,3,3,3,3,3,2,2,2,1,1
838,839,3,4,5,5,5,1,1,2,3,3,5,6,6,6,7,2,3,4,5,5,4,3,3,2,2
839,840,3,3,3,4,5,1,1,1,2,3,5,5,5,5,5,1,1,2,2,2,1,1,1,1,1
840,841,2,2,3,3,3,2,2,2,2,3,3,4,5,6,6,6,6,7,7,7,5,4,3,3,2
841,842,4,4,4,5,6,1,1,1,1,2,3,4,4,4,5,2,3,3,4,4,3,2,2,1,1
842,843,5,5,5,5,7,1,1,2,3,3,3,4,5,6,6,2,3,3,4,5,4,3,3,2,2
843,844,5,5,5,6,6,4,5,5,6,7,5,6,6,7,7,6,6,6,6,7,6,5,4,4,3
844,845,2,3,3,4,5,5,5,5,5,5,2,3,4,4,5,6,6,7,7,7,6,5,4,3,2
845,846,3,4,5,5,6,2,3,4,5,6,4,5,5,6,6,1,2,3,3,3,2,2,2,1,2
846,847,3,3,4,4,4,5,5,6,6,7,1,2,3,3,3,4,5,6,6,7,6,5,4,3,3
847,848,5,5,5,5,6,4,5,5,6,6,3,4,5,5,5,6,6,7,7,7,6,5,4,3,3
848,849,1,2,2,3,4,5,5,6,6,6,2,3,3,4,5,2,3,4,5,6,5,5,4,3,3
849,850,1,2,2,3,4,1,2,2,3,3,2,2,3,4,4,1,2,3,4,4,3,3,2,1,1
850,851,5,5,5,6,7,5,5,6,6,7,3,3,4,5,6,1,1,1,1,1,1,1,1,1,1
851,852,2,3,3,3,4,5,5,5,5,5,1,2,2,3,3,2,3,3,4,5,4,4,3,2,2
852,853,3,4,4,5,6,3,4,5,5,5,5,5,5,5,5,6,6,7,7,7,6,5,4,3,2
853,854,4,4,4,5,5,3,3,3,3,4,5,6,6,6,6,5,5,5,6,6,5,4,4,3,3
854,855,1,2,3,4,4,3,4,5,5,5,2,2,3,3,3,2,2,2,3,4,4,3,3,2,2
855,856,2,3,3,3,3,2,3,4,4,5,2,2,2,3,4,3,4,5,6,6,5,4,3,2,2
856,857,5,5,5,6,7,2,2,2,2,2,1,1,1,1,1,5,6,7,7,7,5,4,3,2,1
857,858,4,4,5,5,5,3,4,4,4,4,3,4,4,5,5,1,2,2,3,3,2,2,2,1,2
858,859,3,3,3,4,5,1,2,3,4,4,5,5,5,6,6,1,2,3,4,5,4,4,4,3,3
859,860,4,4,5,5,6,5,5,5,5,5,4,5,5,5,6,4,5,6,6,6,5,4,3,3,2
860,861,3,4,4,4,4,3,4,4,5,5,1,1,2,3,3,6,6,7,7,7,6,5,3,2,2
861,862,2,2,3,4,4,4,4,4,4,5,4,4,5,6,6,2,2,3,4,3,2,2,2,2,2
862,863,1,1,1,1,2,2,3,4,5,6,3,4,4,5,5,5,6,6,7,7,6,5,4,3,3
863,864,2,3,4,5,5,1,1,1,1,2,1,2,3,3,4,1,2,2,3,4,3,3,2,1,1
864,865,5,5,5,5,5,1,1,1,2,3,5,6,6,7,7,1,2,3,3,4,3,2,3,2,2
865,866,2,2,3,4,5,3,3,3,3,4,5,5,6,7,7,6,6,7,7,7,5,5,4,3,3
866,867,3,3,4,5,6,3,4,4,5,6,5,5,5,5,5,4,5,6,7,7,6,5,4,3,3
867,868,5,5,5,5,5,1,2,3,3,3,3,4,5,5,6,3,4,5,6,6,5,4,3,2,2
868,869,5,5,5,6,6,5,5,5,6,7,4,4,4,4,5,4,3,4,5,6,5,5,4,3,3
869,870,1,1,1,2,3,4,4,5,5,6,3,3,3,4,5,4,4,5,6,7,6,6,5,4,3
870,871,5,5,5,5,5,3,3,3,4,4,1,1,1,2,2,3,3,3,4,5,4,4,3,2,2
871,872,4,5,5,6,6,4,4,4,5,5,3,3,4,4,5,5,5,6,7,7,6,5,4,3,2
872,873,2,2,2,2,3,3,3,4,4,5,2,2,2,3,4,5,6,6,7,7,6,5,4,3,2
873,874,3,3,3,4,4,1,2,2,3,3,4,4,4,4,4,4,5,6,7,6,5,4,3,2,2
874,875,5,5,5,5,6,4,5,6,6,6,5,6,6,6,6,6,6,6,6,6,5,4,4,3,3
875,876,4,4,5,6,6,1,2,2,3,4,5,5,6,7,7,1,1,1,1,1,0,0,1,1,1
876,877,2,2,2,3,3,3,3,4,4,4,2,2,3,4,5,2,3,4,5,5,4,3,3,2,2
877,878,2,2,2,3,3,4,4,5,5,5,1,2,3,4,5,2,3,3,4,5,4,4,4,2,2
878,879,4,4,5,5,6,5,5,6,6,6,5,6,6,7,7,3,4,4,5,5,4,4,4,3,3
879,880,3,3,4,4,4,5,5,6,6,6,2,3,3,3,4,2,2,3,3,4,3,3,3,2,2
880,881,3,3,4,5,6,3,4,4,5,6,3,4,5,5,6,6,6,6,6,7,6,5,4,3,3
881,882,2,2,2,3,3,5,5,6,6,6,4,5,6,6,7,2,3,3,3,4,3,3,3,3,3
882,883,1,1,2,2,3,3,3,4,5,6,5,6,6,7,7,2,3,3,4,5,4,4,4,3,3
883,884,4,4,4,5,5,1,2,3,3,4,3,3,4,5,5,4,4,5,6,7,6,5,4,3,3
884,885,3,3,3,3,3,1,1,2,3,3,2,2,3,3,3,5,6,6,7,7,6,5,3,3,2
885,886,1,2,3,4,5,3,4,5,6,6,5,5,5,6,7,6,6,7,7,7,6,5,4,3,3
886,887,2,2,2,2,3,5,5,6,6,7,1,1,2,3,3,3,3,4,3,6,5,5,5,3,3
887,888,2,3,3,3,4,4,4,5,5,6,5,6,6,6,6,2,3,4,5,5,4,4,4,3,3
888,889,2,2,3,4,5,3,4,4,4,5,5,5,6,7,7,4,4,4,4,5,4,4,4,3,3
889,890,2,3,4,4,4,1,1,1,2,3,2,3,4,5,5,5,5,6,6,6,5,4,3,2,2
890,891,3,3,3,3,3,3,3,3,3,3,5,6,6,7,7,4,5,5,6,6,5,4,4,3,3
891,892,3,3,4,4,4,5,5,5,5,5,5,6,6,6,7,3,5,5,5,5,4,3,3,2,3
892,893,1,1,2,2,3,4,4,5,6,6,4,5,6,7,7,2,3,3,4,4,3,3,3,2,3
893,894,5,5,5,6,6,3,4,5,5,5,3,3,4,5,5,2,3,4,5,6,5,4,4,3,3
894,895,5,5,5,6,6,3,4,4,4,5,1,1,2,2,2,5,6,6,6,6,5,4,3,2,1
895,896,5,5,5,6,6,2,3,4,4,5,1,1,1,1,1,2,2,2,2,3,2,2,2,1,1
896,897,4,4,4,5,5,1,1,1,2,2,3,3,4,4,4,5,5,6,7,7,6,5,3,3,2
897,898,4,5,5,6,6,5,5,6,6,7,5,6,6,7,7,4,5,6,6,7,6,5,5,4,3
898,899,5,5,5,6,7,2,2,2,3,4,2,3,3,3,4,6,6,7,7,7,5,4,3,2,2
899,900,5,5,5,5,5,4,5,5,5,6,4,5,5,5,5,6,6,7,7,7,6,5,4,3,3
900,901,2,3,4,4,5,4,5,5,6,7,3,4,4,4,5,1,2,3,3,4,3,3,3,2,2
901,902,3,4,5,6,7,5,5,5,5,5,1,1,1,1,1,1,3,3,4,4,3,3,2,1,1
902,903,4,5,5,5,5,4,5,5,6,7,4,4,4,5,5,1,1,1,1,1,1,1,1,1,2
903,904,3,3,4,4,5,2,2,3,4,5,2,2,3,3,3,5,6,7,7,7,6,5,3,2,2
904,905,1,2,3,3,3,3,3,3,4,5,1,1,1,2,2,2,2,2,2,2,1,2,1,1,1
905,906,1,1,1,1,2,5,5,6,6,7,3,4,5,5,5,5,5,5,6,6,5,5,4,3,3
906,907,4,4,4,4,5,3,3,3,4,4,2,3,4,5,6,5,6,7,7,7,5,5,3,2,2
907,908,1,1,1,1,2,2,2,2,3,3,3,4,4,5,5,4,5,6,7,7,6,5,4,3,2
908,909,3,3,3,4,5,5,5,6,6,7,5,6,6,6,6,3,4,5,5,6,5,5,4,3,3
909,910,3,4,5,6,7,2,3,4,5,5,3,3,3,3,4,6,6,7,7,7,6,5,3,3,2
910,911,1,2,3,4,4,1,1,2,2,3,5,5,5,5,6,5,6,7,7,7,5,4,4,3,2
911,912,5,5,5,6,6,3,4,5,5,5,5,5,6,7,7,5,6,6,7,7,6,5,4,3,3
912,913,1,2,2,2,3,3,4,4,5,5,2,2,3,4,4,5,5,6,7,7,6,5,4,3,2
913,914,5,5,5,6,7,2,2,3,4,4,5,5,6,6,7,2,3,3,4,4,3,3,3,2,2
914,915,3,3,3,3,3,1,1,1,1,1,5,5,5,6,6,5,4,5,6,6,5,4,3,3,2
915,916,3,3,4,5,6,1,2,3,4,5,1,2,3,3,3,2,2,3,4,5,4,4,3,2,2
916,917,2,2,3,3,3,2,2,2,3,4,5,6,6,7,7,2,2,4,4,5,4,4,4,3,3
917,918,5,5,5,5,5,1,2,2,2,2,2,3,3,4,5,2,3,3,4,4,3,2,2,1,1
918,919,1,1,1,2,2,4,4,5,6,7,3,3,4,4,4,1,1,2,3,3,3,3,3,2,2
919,920,4,4,4,4,4,4,5,5,6,6,4,4,4,4,4,1,1,2,2,3,2,3,3,2,2
920,921,5,5,5,5,5,3,4,4,5,6,4,4,5,6,6,1,1,2,2,3,2,2,3,2,2
921,922,4,4,5,6,6,2,2,3,4,4,2,3,4,4,4,3,3,3,3,3,2,2,1,1,1
922,923,5,5,5,5,6,3,3,3,3,4,2,3,4,5,6,2,3,3,4,4,3,3,2,1,2
923,924,3,3,4,4,4,1,2,3,3,4,2,3,3,3,4,5,6,6,6,7,5,5,4,3,2
924,925,2,2,2,3,3,2,2,3,4,4,5,6,6,6,7,5,6,6,7,7,6,5,4,3,3
925,926,3,3,3,3,3,1,2,3,4,4,1,2,2,2,2,4,6,6,6,7,5,5,4,3,2
926,927,1,1,1,1,1,1,2,2,3,3,5,5,6,7,7,1,1,1,1,2,1,2,2,2,2
927,928,4,4,4,4,4,4,4,4,4,4,2,3,4,4,5,1,2,3,3,4,3,3,3,2,2
928,929,2,3,4,5,5,5,5,6,6,7,3,4,4,5,6,6,6,6,6,6,5,4,3,3,2
929,930,3,4,4,4,4,1,2,3,3,4,3,4,5,5,5,4,4,5,6,6,5,4,3,3,2
930,931,2,3,3,3,3,4,5,5,5,5,1,1,1,1,1,1,3,3,4,5,4,4,3,2,2
931,932,3,3,4,5,5,3,4,4,4,4,2,2,3,4,4,4,4,4,5,6,5,5,4,3,2
932,933,4,5,5,5,6,1,2,2,3,3,3,4,4,5,6,1,2,2,3,4,3,3,3,2,2
933,934,4,5,5,6,7,5,5,5,5,5,4,5,5,5,5,4,5,6,6,7,6,5,4,3,3
934,935,5,5,5,5,5,2,3,3,4,5,4,5,5,5,5,4,4,5,6,7,6,5,4,4,3
935,936,3,4,4,5,6,4,5,6,6,7,3,4,4,4,5,6,6,7,7,7,6,5,4,3,2
936,937,5,5,5,5,6,3,3,4,5,5,4,4,5,5,5,3,3,4,4,4,3,3,2,2,2
937,938,4,4,5,5,5,2,2,3,3,4,5,5,6,7,7,3,4,5,5,6,5,4,4,3,3
938,939,5,5,5,5,7,3,3,4,5,5,5,6,6,7,7,3,3,4,4,5,4,4,3,3,3
939,940,5,5,5,6,6,3,4,4,4,5,5,5,5,6,6,4,5,5,5,5,4,3,3,2,2
940,941,2,3,3,3,3,2,3,4,5,6,4,4,5,5,5,1,2,2,2,3,2,3,3,2,2
941,942,3,3,3,4,5,3,4,5,6,7,4,5,6,7,7,1,1,1,2,2,2,2,2,2,2
942,943,2,3,4,4,4,1,2,2,3,3,2,2,3,3,4,3,4,4,4,5,4,3,3,2,2
943,944,3,3,3,4,5,4,5,6,6,7,5,6,6,6,6,3,3,4,5,6,5,5,5,4,3
944,945,4,5,5,6,7,5,5,6,6,7,5,5,5,6,6,5,6,6,6,6,5,4,4,3,3
945,946,5,5,5,6,7,5,5,6,6,6,4,4,4,5,5,4,5,5,6,6,5,4,4,3,2
946,947,1,2,3,4,4,5,5,5,5,6,2,3,3,3,3,3,3,4,4,5,4,4,3,2,2
947,948,2,2,2,2,3,1,1,1,2,2,2,2,2,3,4,2,2,3,4,5,4,4,3,2,2
948,949,3,4,4,4,5,5,5,5,5,5,2,3,4,5,5,2,2,3,3,4,3,3,3,2,2
949,950,2,2,3,3,4,4,4,4,4,4,5,6,6,7,7,1,1,1,2,2,2,2,2,2,2
950,951,4,5,5,6,6,2,3,3,3,4,3,4,4,5,6,3,3,4,5,5,4,3,3,2,2
951,952,5,5,5,5,5,3,3,4,4,4,1,2,2,2,3,3,4,5,6,6,5,4,3,2,2
952,953,3,4,4,4,5,2,3,3,4,5,4,4,4,4,4,2,3,4,5,6,5,5,4,3,3
953,954,1,1,2,3,3,3,4,5,5,6,2,3,4,5,6,6,6,7,7,7,6,5,4,3,2
954,955,2,3,3,4,5,5,5,6,6,6,3,3,3,3,4,4,5,5,6,7,6,6,5,3,3
955,956,3,4,5,5,5,1,1,1,2,3,1,1,2,3,3,2,2,3,4,5,4,4,3,2,2
956,957,2,2,2,3,4,5,5,5,5,5,1,1,1,2,2,4,6,6,6,6,5,4,3,2,1
957,958,1,2,3,4,5,3,4,4,5,5,2,3,4,5,5,2,2,2,3,3,2,2,2,2,2
958,959,2,2,2,2,3,4,5,5,5,5,5,6,6,7,7,5,6,7,7,7,6,5,4,3,3
959,960,5,5,5,6,6,3,3,3,3,3,4,5,5,5,6,3,4,4,4,5,4,3,3,2,2
960,961,3,4,5,6,6,3,4,5,6,7,1,2,3,4,4,6,6,6,6,6,5,4,3,2,2
961,962,4,5,5,5,5,1,1,2,3,3,5,5,6,6,6,1,3,3,4,4,3,2,3,2,2
962,963,5,5,5,5,5,1,1,2,3,3,5,6,6,6,6,1,1,1,1,1,0,0,1,1,2
963,964,5,5,5,6,7,3,4,4,5,6,2,3,3,4,4,5,5,5,5,6,5,4,3,3,2
964,965,3,3,3,3,3,2,3,4,5,5,5,6,6,7,7,4,5,5,5,6,5,4,4,3,3
965,966,4,4,4,5,5,2,2,2,2,3,4,4,4,4,4,3,3,4,5,6,5,4,4,3,2
966,967,2,3,3,3,3,4,5,6,6,6,4,4,4,5,6,3,2,3,3,4,3,3,3,3,2
967,968,4,5,5,5,5,3,4,5,6,7,1,1,1,1,1,1,2,3,3,3,2,2,2,1,1
968,969,4,4,4,5,5,1,1,1,1,2,1,1,2,3,3,1,3,3,4,4,3,2,2,1,1
969,970,1,2,2,2,3,1,2,2,2,3,5,5,5,5,6,1,2,2,3,4,3,3,3,2,2
970,971,2,2,3,4,5,5,5,6,6,7,2,2,2,3,3,5,6,6,6,7,6,5,4,3,2
971,972,5,5,5,5,7,2,3,3,4,5,4,4,5,6,6,1,2,2,3,3,2,2,2,2,2
972,973,1,1,1,1,2,2,3,3,3,3,4,4,4,4,5,1,2,3,3,4,3,3,3,2,2
973,974,1,1,2,2,3,2,3,3,3,3,3,3,4,4,4,4,4,5,5,5,4,3,3,2,2
974,975,5,5,5,6,6,4,4,5,5,5,3,3,3,3,4,1,3,3,4,5,4,4,3,2,2
975,976,5,5,5,6,6,1,2,3,4,5,3,4,4,5,5,5,4,5,6,6,5,4,3,3,2
976,977,4,5,5,6,6,3,3,4,4,5,1,1,2,3,4,6,6,7,7,7,6,5,3,2,2
977,978,5,5,5,5,5,1,2,3,4,4,1,2,3,4,4,2,3,3,4,4,3,3,2,1,1
978,979,4,5,5,5,7,2,3,3,4,5,5,5,5,5,5,6,6,6,6,6,5,4,3,3,2
979,980,2,3,4,5,5,5,5,5,5,5,5,6,6,6,6,1,1,2,3,4,3,3,4,3,3
980,981,5,5,5,5,5,1,1,2,3,3,4,5,5,5,6,4,4,5,6,7,6,5,4,3,3
981,982,3,4,4,5,5,1,2,3,3,3,3,3,4,5,6,6,6,7,7,7,5,4,3,2,2
982,983,3,3,4,4,5,3,3,4,4,5,1,2,3,3,4,1,1,2,2,2,1,1,1,1,1
983,984,2,3,3,3,4,4,4,5,5,6,4,4,5,6,6,3,3,4,4,4,3,3,3,2,2
984,985,1,1,1,2,3,1,1,2,3,3,3,3,3,4,4,2,3,3,3,4,3,3,2,2,2
985,986,5,5,5,6,6,2,3,4,5,5,5,6,6,6,6,4,5,6,7,7,6,5,4,3,3
986,987,3,3,4,5,5,3,4,5,5,5,3,4,4,4,4,2,2,3,3,4,3,3,3,2,2
987,988,2,2,3,4,4,5,5,5,5,5,3,4,5,6,6,3,3,3,3,4,3,3,3,2,2
988,989,3,4,5,5,6,3,3,3,4,4,5,6,6,7,7,1,1,2,3,3,2,2,2,2,2
989,990,5,5,5,6,7,5,5,6,6,7,3,4,4,5,5,4,5,5,5,5,4,4,3,2,2
990,991,5,5,5,5,5,4,4,5,5,6,4,5,5,6,7,5,6,6,6,7,6,5,4,3,3
991,992,2,3,4,5,5,4,5,6,6,6,3,3,3,3,3,1,1,2,3,4,4,3,3,2,2
992,993,3,3,3,4,5,4,4,4,4,5,3,4,4,4,4,6,6,6,6,6,5,4,3,2,2
993,994,1,1,2,2,2,4,5,6,6,6,3,4,4,5,6,1,2,3,4,5,4,4,4,3,3
994,995,4,4,5,5,6,4,5,6,6,7,3,3,4,5,5,4,4,4,5,6,5,5,4,3,3
995,996,2,3,4,5,5,1,2,3,3,3,5,6,6,6,6,6,6,6,7,7,6,5,4,3,3
996,997,5,5,5,5,7,2,2,3,4,5,1,1,2,2,3,5,5,5,6,7,6,5,4,3,2
997,998,1,1,1,2,3,4,4,4,5,5,4,4,4,5,5,4,5,5,5,5,4,4,3,2,2
998,999,1,1,2,2,3,1,1,2,2,2,5,6,6,7,7,3,3,3,4,5,4,4,3,3,3
999,1000,2,2,2,2,3,2,2,3,4,4,1,2,2,2,3,1,1,2,2,2,1,1,1,1,1
